rank,id,name,author,author_alias,attribution_link,city_code,country,population,population_count,points_count,n_cells,mean_point_density,median_resident_weighted_nn_km,mean_resident_weighted_nn_km,median_worker_weighted_nn_km,mean_worker_weighted_nn_km,detail_radius_km,detail_score,playable_area_cells,median_cell_resident_density,mean_cell_resident_density,pct_cells_with_residents,median_cell_worker_density,mean_cell_worker_density,pct_cells_with_workers,median_commute_distance,mean_commute_distance,detected_center_count,polycentrism_score
1,jelegend-tokyo,東京 (Tokyo),jelegend,jelegend,https://github.com/jelegend,TYO,JP,24049464,277098,30488,0,0,0,0,0,0,0,0,0,0,0,0,0,0,0,0,0,0,0
2,shenzhen,Shenzhen,Kronifer,Kronifer,https://github.com/Kronifer,SZX,CN,20433861,254744,9626,0,0,0,0,0,0,0,0,0,0,0,0,0,0,0,0,0,0,0
3,guangzhou,Guangzhou,Kronifer,Kronifer,https://github.com/Kronifer,CAN,CN,15562720,220997,16773,0,0,0,0,0,0,0,0,0,0,0,0,0,0,0,0,0,0,0
4,beijing,Beijing,Kronifer,Kronifer,https://github.com/Kronifer,PEK,CN,14311785,209639,20382,0,0,0,0,0,0,0,0,0,0,0,0,0,0,0,0,0,0,0
5,shanghai,Shanghai,Kronifer,Kronifer,https://github.com/Kronifer,SHA,CN,13625076,231449,23686,0,0,0,0,0,0,0,0,0,0,0,0,0,0,0,0,0,0,0
6,seoul-4,Seoul (40km×40km),kimth9,kimth9,https://github.com/kimth9,SEL4,KR,11769102,129417,4072,0,0,0,0,0,0,0,0,0,0,0,0,0,0,0,0,0,0,0
7,ciudad-de-mexico,Ciudad de México,rslurry,slurry,https://github.com/rslurry,CDMX,MX,11260947,95340,18798,0,0,0,0,0,0,0,0,0,0,0,0,0,0,0,0,0,0,0
8,seoul-3,Seoul (30km×30km),kimth9,kimth9,https://github.com/kimth9,SEL3,KR,9102941,100550,2650,0,0,0,0,0,0,0,0,0,0,0,0,0,0,0,0,0,0,0
9,lima,Lima,kaicardenas0618,kaicardenas0618,https://github.com/kaicardenas0618,LIM,PE,8999705,90875,14035,0,0,0,0,0,0,0,0,0,0,0,0,0,0,0,0,0,0,0
10,chongqing,Chongqing,Kronifer,Kronifer,https://github.com/Kronifer,CKG,CN,8597215,150607,50748,0,0,0,0,0,0,0,0,0,0,0,0,0,0,0,0,0,0,0
11,cdmx-core,CDMX Core,rslurry,slurry,https://github.com/rslurry,CDMC,MX,6794257,77732,8386,0,0,0,0,0,0,0,0,0,0,0,0,0,0,0,0,0,0,0
12,incheon-4,Incheon (40km×40km),kimth9,kimth9,https://github.com/kimth9,ICN4,KR,6718676,88336,2533,0,0,0,0,0,0,0,0,0,0,0,0,0,0,0,0,0,0,0
13,yukina-osaka,大阪 (Ōsaka),ahkimn,Yukina-,https://subwaybuildermodded.com/credits,ITM,JP,6524079,62560,14145,0,0,0,0,0,0,0,0,0,0,0,0,0,0,0,0,0,0,0
14,greater-kuala-lumpur,Greater Kuala Lumpur,nzh0172,naz,https://github.com/nzh0172,KUL,MY,6249021,41536,2337,0,0,0,0,0,0,0,0,0,0,0,0,0,0,0,0,0,0,0
15,bangkok,Bangkok,nzh0172,naz,https://github.com/nzh0172,BKK,TH,6033126,40981,13860,0,0,0,0,0,0,0,0,0,0,0,0,0,0,0,0,0,0,0
16,yukina-tw-taipei,臺北 (Taipei),ahkimn,Yukina-,https://subwaybuildermodded.com/credits,TPE,TW,5993263,50702,12559,0,0,0,0,0,0,0,0,0,0,0,0,0,0,0,0,0,0,0
17,yukina-nagoya,名古屋 (Nagoya),ahkimn,Yukina-,https://subwaybuildermodded.com/credits,NGO,JP,5912459,77505,30963,0,0,0,0,0,0,0,0,0,0,0,0,0,0,0,0,0,0,0
18,greater-los-angeles,Greater Los Angeles,rslurry,slurry,https://github.com/rslurry,LAX,US,5496727,171223,7090,0,0,0,0,0,0,0,0,0,0,0,0,0,0,0,0,0,0,0
19,incheon-3,Incheon (30km×30km),kimth9,kimth9,https://github.com/kimth9,ICN3,KR,4749878,65173,1623,0,0,0,0,0,0,0,0,0,0,0,0,0,0,0,0,0,0,0
20,south-florida,South Florida,kaicardenas0618,kaicardenas0618,https://github.com/kaicardenas0618,SFL,US,4520713,773353,31040,0,0,0,0,0,0,0,0,0,0,0,0,0,0,0,0,0,0,0
21,greater-chicagoland,Greater Chicagoland,NerdieSanders,NerdieSanders,https://github.com/NerdieSanders,GCHI,US,4338851,313080,16205,0,0,0,0,0,0,0,0,0,0,0,0,0,0,0,0,0,0,0
22,toronto,Toronto,devenperez,devenperez,https://github.com/devenperez,YYZ,CA,4039209,33646,11458,0,0,0,0,0,0,0,0,0,0,0,0,0,0,0,0,0,0,0
23,mfn-hong-kong,Hong Kong,crumpetime,muffintime,https://github.com/crumpetime,HKG,HK,4038323,236084,1968,0,0,0,0,0,0,0,0,0,0,0,0,0,0,0,0,0,0,0
24,berlin-val,Berlin,Valdotorium,Valdotorium,https://github.com/Valdotorium,BER,DE,3926141,39805,923,0,0,0,0,0,0,0,0,0,0,0,0,0,0,0,0,0,0,0
25,yukina-northern-kyushu,福北 (Fukuoka & Kitakyūshū),ahkimn,Yukina-,https://subwaybuildermodded.com/credits,FOKK,JP,3782578,61718,22090,0,0,0,0,0,0,0,0,0,0,0,0,0,0,0,0,0,0,0
26,busan-4,Busan (40km×40km),kimth9,kimth9,https://github.com/kimth9,PUS4,KR,3762661,44668,1153,0,0,0,0,0,0,0,0,0,0,0,0,0,0,0,0,0,0,0
27,greater-newyork,Greater NYC,chasemanning040911-afk,lechicken,https://github.com/chasemanning040911-afk,GNYC,US,3735824,269793,5151,0,0,0,0,0,0,0,0,0,0,0,0,0,0,0,0,0,0,0
28,busan-3,Busan (30km×30km),kimth9,kimth9,https://github.com/kimth9,PUS3,KR,3602364,43343,1060,0,0,0,0,0,0,0,0,0,0,0,0,0,0,0,0,0,0,0
29,singapore-val,Singapore,Valdotorium,Valdotorium,https://github.com/Valdotorium,SIN,SG,3529424,31692,1095,0,0,0,0,0,0,0,0,0,0,0,0,0,0,0,0,0,0,0
30,madrid,Madrid,Maximilian284,max02,https://github.com/Maximilian284,ESMD,ES,3283483,23715,11989,0,0,0,0,0,0,0,0,0,0,0,0,0,0,0,0,0,0,0
31,los-angeles-county,Los Angeles County,rslurry,slurry,https://github.com/rslurry,LAXM,US,3179061,76629,4077,0,0,0,0,0,0,0,0,0,0,0,0,0,0,0,0,0,0,0
32,sydney,Sydney,WillBarouch,WillBarouch,https://github.com/WillBarouch,SYD,AU,3176499,25580,9687,0,0,0,0,0,0,0,0,0,0,0,0,0,0,0,0,0,0,0
33,sejong-4,Sejong (40km×40km),kimth9,kimth9,https://github.com/kimth9,SEJ4,KR,3144215,46497,1259,0,0,0,0,0,0,0,0,0,0,0,0,0,0,0,0,0,0,0
34,dubai,Dubai,ryandicicco,ryandicicco,https://github.com/ryandicicco,DXB,AE,3105983,195806,11715,0,0,0,0,0,0,0,0,0,0,0,0,0,0,0,0,0,0,0
35,tijuana-san-diego,Tijuana-San Diego,rslurry,slurry,https://github.com/rslurry,TIJ,MX,3083308,123165,6076,0,0,0,0,0,0,0,0,0,0,0,0,0,0,0,0,0,0,0
36,glasgow-edinburgh,Glasgow-Edinburgh,Kronifer,Kronifer,https://github.com/Kronifer,GLED,GB,3069560,47377,12148,0,0,0,0,0,0,0,0,0,0,0,0,0,0,0,0,0,0,0
37,monterrey,Monterrey,rslurry,slurry,https://github.com/rslurry,MTY,MX,3023651,37297,6209,0,0,0,0,0,0,0,0,0,0,0,0,0,0,0,0,0,0,0
38,guadalajara,Guadalajara,rslurry,slurry,https://github.com/rslurry,GDL,MX,2919025,35754,5575,0,0,0,0,0,0,0,0,0,0,0,0,0,0,0,0,0,0,0
39,puebla,Puebla,rslurry,slurry,https://github.com/rslurry,PBC,MX,2730088,41729,7822,0,0,0,0,0,0,0,0,0,0,0,0,0,0,0,0,0,0,0
40,milan,Milan,Maximilian284,max02,https://github.com/Maximilian284,MIL,IT,2677197,23484,10146,0,0,0,0,0,0,0,0,0,0,0,0,0,0,0,0,0,0,0
41,barcelona,Barcelona,Maximilian284,max02,https://github.com/Maximilian284,ESBC,ES,2634600,11866,5727,0,0,0,0,0,0,0,0,0,0,0,0,0,0,0,0,0,0,0
42,yukina-tw-taichung,臺中 (Taichung),ahkimn,Yukina-,https://subwaybuildermodded.com/credits,RMQ,TW,2588150,34365,14976,0,0,0,0,0,0,0,0,0,0,0,0,0,0,0,0,0,0,0
43,bucharest-medium,Bucharest,metatablestudios,metatablestudios,https://github.com/metatablestudios,BUC,RO,2583210,64703,1852,0,0,0,0,0,0,0,0,0,0,0,0,0,0,0,0,0,0,0
44,daegu-4,Daegu (40km×40km),kimth9,kimth9,https://github.com/kimth9,TAE4,KR,2539651,39266,1238,0,0,0,0,0,0,0,0,0,0,0,0,0,0,0,0,0,0,0
45,daegu-3,Daegu (30km×30km),kimth9,kimth9,https://github.com/kimth9,TAE3,KR,2539106,38216,1092,0,0,0,0,0,0,0,0,0,0,0,0,0,0,0,0,0,0,0
46,daejeon-4,Daejeon (40km×40km),kimth9,kimth9,https://github.com/kimth9,DAJ4,KR,2530016,36115,1061,0,0,0,0,0,0,0,0,0,0,0,0,0,0,0,0,0,0,0
47,montreal,Montreal,devenperez,devenperez,https://github.com/devenperez,YUL,CA,2523330,21051,8282,0,0,0,0,0,0,0,0,0,0,0,0,0,0,0,0,0,0,0
48,tel-aviv,Tel Aviv,BarKuperman,BarKuperman,https://github.com/BarKuperman,TLV,IL,2497200,12486,1301,0,0,0,0,0,0,0,0,0,0,0,0,0,0,0,0,0,0,0
49,yukina-pl-warszawa,Warszawa,ahkimn,Yukina-,https://subwaybuildermodded.com/credits,WAR,PL,2207232,52166,31323,0,0,0,0,0,0,0,0,0,0,0,0,0,0,0,0,0,0,0
50,daejeon-3,Daejeon (30km×30km),kimth9,kimth9,https://github.com/kimth9,DAJ3,KR,2201895,32378,863,0,0,0,0,0,0,0,0,0,0,0,0,0,0,0,0,0,0,0
51,zurich,Zurich,Kronifer,Kronifer,https://github.com/Kronifer,ZRH,CH,2147370,98878,39672,0,0,0,0,0,0,0,0,0,0,0,0,0,0,0,0,0,0,0
52,gwangju-4,Gwangju (40km×40km),kimth9,kimth9,https://github.com/kimth9,KWJ4,KR,2140345,32755,951,0,0,0,0,0,0,0,0,0,0,0,0,0,0,0,0,0,0,0
53,gwangju-3,Gwangju (30km×30km),kimth9,kimth9,https://github.com/kimth9,KWJ3,KR,2134804,32341,848,0,0,0,0,0,0,0,0,0,0,0,0,0,0,0,0,0,0,0
54,warsaw-val,Warsaw,Valdotorium,Valdotorium,https://github.com/Valdotorium,WAW,PL,2115324,19327,622,0,0,0,0,0,0,0,0,0,0,0,0,0,0,0,0,0,0,0
55,greatertwincities,Greater Twin Cities,DanielD1909,DanielD1909,https://github.com/DanielD1909,KMSP,US,2003945,304108,5866,0,0,0,0,0,0,0,0,0,0,0,0,0,0,0,0,0,0,0
56,baltimore-dc-corridor,Baltimore-DC Corridor,rslurry,slurry,https://github.com/rslurry,DCA,US,2003362,145916,5548,0,0,0,0,0,0,0,0,0,0,0,0,0,0,0,0,0,0,0
57,yukina-kyoto,京都 (Kyōto),ahkimn,Yukina-,https://subwaybuildermodded.com/credits,UKY,JP,1985453,31656,10156,0,0,0,0,0,0,0,0,0,0,0,0,0,0,0,0,0,0,0
58,rome,Rome,Maximilian284,max02,https://github.com/Maximilian284,ROM,IT,1920000,28808,10725,0,0,0,0,0,0,0,0,0,0,0,0,0,0,0,0,0,0,0
59,yukina-tw-kaohsiung,高雄 (Kaohsiung),ahkimn,Yukina-,https://subwaybuildermodded.com/credits,KHH,TW,1826943,22771,9003,0,0,0,0,0,0,0,0,0,0,0,0,0,0,0,0,0,0,0
60,yukina-sapporo-chitose,札幌 (Sapporo),ahkimn,Yukina-,https://subwaybuildermodded.com/credits,SPK,JP,1790860,31314,11166,0,0,0,0,0,0,0,0,0,0,0,0,0,0,0,0,0,0,0
61,yukina-fukuoka,福岡 (Fukuoka),ahkimn,Yukina-,https://subwaybuildermodded.com/credits,FUK,JP,1750209,24319,5981,0,0,0,0,0,0,0,0,0,0,0,0,0,0,0,0,0,0,0
62,naples,Naples,Maximilian284,max02,https://github.com/Maximilian284,NAP,IT,1695981,21250,10998,0,0,0,0,0,0,0,0,0,0,0,0,0,0,0,0,0,0,0
63,vancouver,Vancouver,devenperez,devenperez,https://github.com/devenperez,YVR,CA,1677021,13943,5740,0,0,0,0,0,0,0,0,0,0,0,0,0,0,0,0,0,0,0
64,oslo-no,Oslo,rslurry,slurry,https://github.com/rslurry,OSL,NO,1649396,73600,25357,0,0,0,0,0,0,0,0,0,0,0,0,0,0,0,0,0,0,0
65,tampa-bay,Tampa Bay,rslurry,slurry,https://github.com/rslurry,TPA,US,1609875,60755,3374,0,0,0,0,0,0,0,0,0,0,0,0,0,0,0,0,0,0,0
66,greater-portland,Greater Portland,rslurry,slurry,https://github.com/rslurry,GPDX,US,1571997,77003,5566,0,0,0,0,0,0,0,0,0,0,0,0,0,0,0,0,0,0,0
67,yukina-shizuoka-hamamatsu,静岡・浜松 (Shizuoka/Hamamatsu),ahkimn,Yukina-,https://subwaybuildermodded.com/credits,FSZ,JP,1563790,26863,9891,0,0,0,0,0,0,0,0,0,0,0,0,0,0,0,0,0,0,0
68,yukina-cz-praha,Praha,ahkimn,Yukina-,https://subwaybuildermodded.com/credits,PRG,CZ,1537966,78462,18905,0,0,0,0,0,0,0,0,0,0,0,0,0,0,0,0,0,0,0
69,willamette-valley,"Willamette Valley, OR",Phineapoo,Phineapoo,https://github.com/Phineapoo,WMV,US,1527957,206527,10166,0,0,0,0,0,0,0,0,0,0,0,0,0,0,0,0,0,0,0
70,sejong-3,Sejong (30km×30km),kimth9,kimth9,https://github.com/kimth9,SEJ3,KR,1514790,20944,677,0,0,0,0,0,0,0,0,0,0,0,0,0,0,0,0,0,0,0
71,connecticut-usa,Connecticut,PSWBSF,Potato Spaghetti Water Balloon Space Federation,https://youtu.be/dQw4w9WgXcQ?t=0,CT,US,1483718,99514,6597,0,0,0,0,0,0,0,0,0,0,0,0,0,0,0,0,0,0,0
72,yukina-pl-katowice-gzm,Katowice - GZM,ahkimn,Yukina-,https://subwaybuildermodded.com/credits,KTW,PL,1479477,37626,24377,0,0,0,0,0,0,0,0,0,0,0,0,0,0,0,0,0,0,0
73,ulsan-4,Ulsan (40km×40km),kimth9,kimth9,https://github.com/kimth9,USN4,KR,1460625,21551,612,0,0,0,0,0,0,0,0,0,0,0,0,0,0,0,0,0,0,0
74,trujillo,Trujillo,kaicardenas0618,kaicardenas0618,https://github.com/kaicardenas0618,TRU,PE,1442464,12600,8501,0,0,0,0,0,0,0,0,0,0,0,0,0,0,0,0,0,0,0
75,puerto-rico,Puerto Rico,rslurry,slurry,https://github.com/rslurry,PR,PR,1434290,30194,8273,0,0,0,0,0,0,0,0,0,0,0,0,0,0,0,0,0,0,0
76,orange-county,Orange County,rslurry,slurry,https://github.com/rslurry,OC,US,1429155,137792,2735,0,0,0,0,0,0,0,0,0,0,0,0,0,0,0,0,0,0,0
77,cairo,Cairo,ryandicicco,ryandicicco,https://github.com/ryandicicco,CAI,EG,1422928,8405,5210,0,0,0,0,0,0,0,0,0,0,0,0,0,0,0,0,0,0,0
78,yukina-kobe-akashi,神戸 (Kōbe),ahkimn,Yukina-,https://subwaybuildermodded.com/credits,UKB,JP,1405864,21853,6601,0,0,0,0,0,0,0,0,0,0,0,0,0,0,0,0,0,0,0
79,ulsan-3,Ulsan (30km×30km),kimth9,kimth9,https://github.com/kimth9,USN3,KR,1401126,20231,507,0,0,0,0,0,0,0,0,0,0,0,0,0,0,0,0,0,0,0
80,ciudad-juarez-el-paso,Ciudad Juárez-El Paso,rslurry,slurry,https://github.com/rslurry,CJS,MX,1364798,40921,2833,0,0,0,0,0,0,0,0,0,0,0,0,0,0,0,0,0,0,0
81,yukina-hiroshima-kure,広島 (Hiroshima),ahkimn,Yukina-,https://subwaybuildermodded.com/credits,HIJ,JP,1334069,20616,6623,0,0,0,0,0,0,0,0,0,0,0,0,0,0,0,0,0,0,0
82,piura,Piura,kaicardenas0618,kaicardenas0618,https://github.com/kaicardenas0618,PIU,PE,1303512,11909,17239,0,0,0,0,0,0,0,0,0,0,0,0,0,0,0,0,0,0,0
83,mfn-lasvegas,Las Vegas,crumpetime,muffintime,https://github.com/crumpetime,LAS,US,1296870,79319,2373,0,0,0,0,0,0,0,0,0,0,0,0,0,0,0,0,0,0,0
84,daytonatti,Daytonatti,soccerjonj,soccerjonj,https://github.com/soccerjonj,DAY,US,1226849,123534,5835,0,0,0,0,0,0,0,0,0,0,0,0,0,0,0,0,0,0,0
85,pyongyang-nk,Pyongyang,PSWBSF,Potato Spaghetti Water Balloon Space Federation,https://youtu.be/dQw4w9WgXcQ?t=0,PYO,KP,1210086,7078,267,0,0,0,0,0,0,0,0,0,0,0,0,0,0,0,0,0,0,0
86,opo-pt-metropolitan,"Porto, Portugal",bquelhas,bquelhas,https://github.com/bquelhas,OPO,PT,1189520,59476,48485,0,0,0,0,0,0,0,0,0,0,0,0,0,0,0,0,0,0,0
87,valencia,Valencia,Maximilian284,max02,https://github.com/Maximilian284,ESVA,ES,1179110,8675,4882,0,0,0,0,0,0,0,0,0,0,0,0,0,0,0,0,0,0,0
88,orlando,Orlando,rslurry,slurry,https://github.com/rslurry,MCO,US,1178384,100423,2364,0,0,0,0,0,0,0,0,0,0,0,0,0,0,0,0,0,0,0
89,arequipa,Arequipa,kaicardenas0618,kaicardenas0618,https://github.com/kaicardenas0618,AQP,PE,1172562,11751,10656,0,0,0,0,0,0,0,0,0,0,0,0,0,0,0,0,0,0,0
90,pianura-veneta,Pianura Veneta,Maximilian284,max02,https://github.com/Maximilian284,VPT,IT,1165753,12448,8150,0,0,0,0,0,0,0,0,0,0,0,0,0,0,0,0,0,0,0
91,rhode-island,Rhode Island,rslurry,slurry,https://github.com/rslurry,GPVD,US,1118241,127441,4001,0,0,0,0,0,0,0,0,0,0,0,0,0,0,0,0,0,0,0
92,yukina-pl-krakow,Kraków,ahkimn,Yukina-,https://subwaybuildermodded.com/credits,KRK,PL,1112965,33935,23382,0,0,0,0,0,0,0,0,0,0,0,0,0,0,0,0,0,0,0
93,yukina-tw-tainan,臺南 (Tainan),ahkimn,Yukina-,https://subwaybuildermodded.com/credits,TNN,TW,1064547,13931,5995,0,0,0,0,0,0,0,0,0,0,0,0,0,0,0,0,0,0,0
94,johor-bahru,Johor Bahru,nzh0172,naz,https://github.com/nzh0172,JHB,MY,1026080,11110,877,0,0,0,0,0,0,0,0,0,0,0,0,0,0,0,0,0,0,0
95,yukina-sendai,仙台 (Sendai),ahkimn,Yukina-,https://subwaybuildermodded.com/credits,SDJ,JP,1016521,16010,5082,0,0,0,0,0,0,0,0,0,0,0,0,0,0,0,0,0,0,0
96,greater-baltimore,Greater Baltimore,rslurry,slurry,https://github.com/rslurry,BWI,US,972032,75010,2920,0,0,0,0,0,0,0,0,0,0,0,0,0,0,0,0,0,0,0
97,yukina-pl-poznan,Poznań,ahkimn,Yukina-,https://subwaybuildermodded.com/credits,POZ,PL,964864,26096,17478,0,0,0,0,0,0,0,0,0,0,0,0,0,0,0,0,0,0,0
98,garda-lake,Garda Lake,Maximilian284,max02,https://github.com/Maximilian284,GRD,IT,959863,12896,7994,0,0,0,0,0,0,0,0,0,0,0,0,0,0,0,0,0,0,0
99,yukina-okayama,岡山 (Okayama),ahkimn,Yukina-,https://subwaybuildermodded.com/credits,OKJ,JP,948854,16352,6665,0,0,0,0,0,0,0,0,0,0,0,0,0,0,0,0,0,0,0
100,san-antonio,San Antonio,rslurry,slurry,https://github.com/rslurry,SAT,US,946870,106855,4525,0,0,0,0,0,0,0,0,0,0,0,0,0,0,0,0,0,0,0
101,mfn-msy,New Orleans,crumpetime,muffintime,https://github.com/crumpetime,MSY,US,938027,175265,5125,0,0,0,0,0,0,0,0,0,0,0,0,0,0,0,0,0,0,0
102,yukina-kitakyushu-shimonoseki,北九州 (Kitakyūshū),ahkimn,Yukina-,https://subwaybuildermodded.com/credits,KKJ,JP,932578,19386,6090,0,0,0,0,0,0,0,0,0,0,0,0,0,0,0,0,0,0,0
103,chiclayo,Chiclayo,kaicardenas0618,kaicardenas0618,https://github.com/kaicardenas0618,CIX,PE,919138,8351,14943,0,0,0,0,0,0,0,0,0,0,0,0,0,0,0,0,0,0,0
104,turin,Turin,Maximilian284,max02,https://github.com/Maximilian284,TOR,IT,910203,14127,5885,0,0,0,0,0,0,0,0,0,0,0,0,0,0,0,0,0,0,0
105,yukina-pl-gdansk,Gdańsk,ahkimn,Yukina-,https://subwaybuildermodded.com/credits,GDN,PL,897787,23065,15037,0,0,0,0,0,0,0,0,0,0,0,0,0,0,0,0,0,0,0
106,yukina-pl-wroclaw,Wrocław,ahkimn,Yukina-,https://subwaybuildermodded.com/credits,WRO,PL,895967,23753,15301,0,0,0,0,0,0,0,0,0,0,0,0,0,0,0,0,0,0,0
107,calgary,Calgary,devenperez,devenperez,https://github.com/devenperez,YYC,CA,890139,7422,3571,0,0,0,0,0,0,0,0,0,0,0,0,0,0,0,0,0,0,0
108,helsinki,Helsinki,rslurry,slurry,https://github.com/rslurry,HEL,FI,877596,13527,3419,0,0,0,0,0,0,0,0,0,0,0,0,0,0,0,0,0,0,0
109,yukina-tw-hsinchu,新竹 (Hsinchu),ahkimn,Yukina-,https://subwaybuildermodded.com/credits,HSZ,TW,866885,14546,5627,0,0,0,0,0,0,0,0,0,0,0,0,0,0,0,0,0,0,0
110,yukina-okinawa,沖縄 (Okinawa),ahkimn,Yukina-,https://subwaybuildermodded.com/credits,OKA,JP,854048,15658,3975,0,0,0,0,0,0,0,0,0,0,0,0,0,0,0,0,0,0,0
111,pulau-pinang,Pulau Pinang,nzh0172,naz,https://github.com/nzh0172,PEN,MY,852976,6708,933,0,0,0,0,0,0,0,0,0,0,0,0,0,0,0,0,0,0,0
112,pianura-emiliana,Pianura Emiliana,Maximilian284,max02,https://github.com/Maximilian284,PRM,IT,841395,9437,5915,0,0,0,0,0,0,0,0,0,0,0,0,0,0,0,0,0,0,0
113,nashville,Nashville,soccerjonj,soccerjonj,https://github.com/soccerjonj,BNA,US,838863,60682,2807,0,0,0,0,0,0,0,0,0,0,0,0,0,0,0,0,0,0,0
114,huancayo-jauja,Huancayo/Jauja,kaicardenas0618,kaicardenas0618,https://github.com/kaicardenas0618,JAU,PE,813602,7366,20943,0,0,0,0,0,0,0,0,0,0,0,0,0,0,0,0,0,0,0
115,yukina-kumamoto,熊本 (Kumamoto),ahkimn,Yukina-,https://subwaybuildermodded.com/credits,KMJ,JP,805122,17186,6161,0,0,0,0,0,0,0,0,0,0,0,0,0,0,0,0,0,0,0
116,mexicali,Mexicali-Imperial Valley-Yuma,rslurry,slurry,https://github.com/rslurry,MXL,MX,801423,17416,2689,0,0,0,0,0,0,0,0,0,0,0,0,0,0,0,0,0,0,0
117,edmonton,Edmonton,devenperez,devenperez,https://github.com/devenperez,YEG,CA,798307,6612,3488,0,0,0,0,0,0,0,0,0,0,0,0,0,0,0,0,0,0,0
118,jeju-f,Jeju (Full Island),kimth9,kimth9,https://github.com/kimth9,CJUF,KR,795684,12281,740,0,0,0,0,0,0,0,0,0,0,0,0,0,0,0,0,0,0,0
119,cusco,Cusco,kaicardenas0618,kaicardenas0618,https://github.com/kaicardenas0618,CUZ,PE,786360,7086,23619,0,0,0,0,0,0,0,0,0,0,0,0,0,0,0,0,0,0,0
120,san-juan,San Juan,rslurry,slurry,https://github.com/rslurry,SJU,PR,773862,9703,2901,0,0,0,0,0,0,0,0,0,0,0,0,0,0,0,0,0,0,0
121,jeju-4,Jeju (40km×40km),kimth9,kimth9,https://github.com/kimth9,CJU4,KR,770019,11188,503,0,0,0,0,0,0,0,0,0,0,0,0,0,0,0,0,0,0,0
122,mfn-hamptonroads,Norfolk,crumpetime,muffintime,https://github.com/crumpetime,ORF,US,760588,61472,2322,0,0,0,0,0,0,0,0,0,0,0,0,0,0,0,0,0,0,0
123,sacramento,Sacramento,soccerjonj,soccerjonj,https://github.com/soccerjonj,SMF,US,755810,55081,2539,0,0,0,0,0,0,0,0,0,0,0,0,0,0,0,0,0,0,0
124,memphis,Memphis,rslurry,slurry,https://github.com/rslurry,MEM,US,739736,39229,1534,0,0,0,0,0,0,0,0,0,0,0,0,0,0,0,0,0,0,0
125,ottawa,Ottawa,devenperez,devenperez,https://github.com/devenperez,YOW,CA,738872,6237,3373,0,0,0,0,0,0,0,0,0,0,0,0,0,0,0,0,0,0,0
126,bergen-stavanger-no,Bergen-Stavanger,rslurry,slurry,https://github.com/rslurry,BGSV,NO,738475,36559,14831,0,0,0,0,0,0,0,0,0,0,0,0,0,0,0,0,0,0,0
127,dublin,Dublin,Kronifer,Kronifer,https://github.com/Kronifer,DUB,IE,732172,3391,3265,0,0,0,0,0,0,0,0,0,0,0,0,0,0,0,0,0,0,0
128,yukina-pl-lodz,Łódź,ahkimn,Yukina-,https://subwaybuildermodded.com/credits,LCJ,PL,729453,29196,18976,0,0,0,0,0,0,0,0,0,0,0,0,0,0,0,0,0,0,0
129,amsterdam,Amsterdam,ryandicicco,ryandicicco,https://github.com/ryandicicco,AMS,NL,720820,6522,530,0,0,0,0,0,0,0,0,0,0,0,0,0,0,0,0,0,0,0
130,yukina-lv-riga,Rīga,ahkimn,Yukina-,https://subwaybuildermodded.com/credits,RIX,LV,684911,26639,17199,0,0,0,0,0,0,0,0,0,0,0,0,0,0,0,0,0,0,0
131,yukina-toyama,富山 (Toyama),ahkimn,Yukina-,https://subwaybuildermodded.com/credits,TOY,JP,673188,16717,7405,0,0,0,0,0,0,0,0,0,0,0,0,0,0,0,0,0,0,0
132,bari,Bari,Maximilian284,max02,https://github.com/Maximilian284,BAR,IT,660455,7869,3875,0,0,0,0,0,0,0,0,0,0,0,0,0,0,0,0,0,0,0
133,jeju-3,Jeju (30km×30km),kimth9,kimth9,https://github.com/kimth9,CJU3,KR,654905,9400,398,0,0,0,0,0,0,0,0,0,0,0,0,0,0,0,0,0,0,0
134,jacksonville,Jacksonville,rslurry,slurry,https://github.com/rslurry,JAX,US,644217,52553,2775,0,0,0,0,0,0,0,0,0,0,0,0,0,0,0,0,0,0,0
135,yukina-niigata,新潟 (Niigata),ahkimn,Yukina-,https://subwaybuildermodded.com/credits,KIJ,JP,634641,14422,5697,0,0,0,0,0,0,0,0,0,0,0,0,0,0,0,0,0,0,0
136,riviera-romagnola,Riviera Romagnola,Maximilian284,max02,https://github.com/Maximilian284,RIV,IT,630314,7433,4349,0,0,0,0,0,0,0,0,0,0,0,0,0,0,0,0,0,0,0
137,bilbao,Bilbao,Maximilian284,max02,https://github.com/Maximilian284,ESBI,ES,627288,4933,2981,0,0,0,0,0,0,0,0,0,0,0,0,0,0,0,0,0,0,0
138,florence,Florence,Maximilian284,max02,https://github.com/Maximilian284,FIR,IT,626808,8434,3697,0,0,0,0,0,0,0,0,0,0,0,0,0,0,0,0,0,0,0
139,saltillo,Saltillo,rslurry,slurry,https://github.com/rslurry,SLW,MX,622810,11289,1274,0,0,0,0,0,0,0,0,0,0,0,0,0,0,0,0,0,0,0
140,mfn-rdu,Raleigh,crumpetime,muffintime,https://github.com/crumpetime,RDU,US,618227,73872,1938,0,0,0,0,0,0,0,0,0,0,0,0,0,0,0,0,0,0,0
141,rotterdam-the-hague,Rotterdam-The Hague,ryandicicco,ryandicicco,https://github.com/ryandicicco,RTM,NL,613773,6740,854,0,0,0,0,0,0,0,0,0,0,0,0,0,0,0,0,0,0,0
142,yukina-nakadoori,中通り (Nakadōri),ahkimn,Yukina-,https://subwaybuildermodded.com/credits,FKS,JP,597170,14664,6375,0,0,0,0,0,0,0,0,0,0,0,0,0,0,0,0,0,0,0
143,yukina-bydgoszcz-torun,Bydgoszcz - Toruń,ahkimn,Yukina-,https://subwaybuildermodded.com/credits,BZG,PL,592312,24037,16136,0,0,0,0,0,0,0,0,0,0,0,0,0,0,0,0,0,0,0
144,yukina-cz-ostrava,Ostrava,ahkimn,Yukina-,https://subwaybuildermodded.com/credits,OSR,CZ,579772,40759,13991,0,0,0,0,0,0,0,0,0,0,0,0,0,0,0,0,0,0,0
145,yukina-cz-brno,Brno,ahkimn,Yukina-,https://subwaybuildermodded.com/credits,BRQ,CZ,567216,40036,12759,0,0,0,0,0,0,0,0,0,0,0,0,0,0,0,0,0,0,0
146,palermo,Palermo,Maximilian284,max02,https://github.com/Maximilian284,PAL,IT,566901,8946,3264,0,0,0,0,0,0,0,0,0,0,0,0,0,0,0,0,0,0,0
147,yukina-takamatsu,高松 (Takamatsu),ahkimn,Yukina-,https://subwaybuildermodded.com/credits,TAK,JP,564954,13135,5224,0,0,0,0,0,0,0,0,0,0,0,0,0,0,0,0,0,0,0
148,yukina-kagoshima-kirishima,鹿児島 (Kagoshima),ahkimn,Yukina-,https://subwaybuildermodded.com/credits,KOJ,JP,542021,10719,3562,0,0,0,0,0,0,0,0,0,0,0,0,0,0,0,0,0,0,0
149,iquitos,Iquitos,kaicardenas0618,kaicardenas0618,https://github.com/kaicardenas0618,IQT,PE,540098,4622,10769,0,0,0,0,0,0,0,0,0,0,0,0,0,0,0,0,0,0,0
150,chimbote,Chimbote,kaicardenas0618,kaicardenas0618,https://github.com/kaicardenas0618,CHM,PE,532539,5297,4674,0,0,0,0,0,0,0,0,0,0,0,0,0,0,0,0,0,0,0
151,louisville,Louisville,soccerjonj,soccerjonj,https://github.com/soccerjonj,SDF,US,530833,48045,3488,0,0,0,0,0,0,0,0,0,0,0,0,0,0,0,0,0,0,0
152,catania,Catania,Maximilian284,max02,https://github.com/Maximilian284,CAT,IT,530181,7992,3552,0,0,0,0,0,0,0,0,0,0,0,0,0,0,0,0,0,0,0
153,yukina-tw-chiayi,嘉義 (Chiayi),ahkimn,Yukina-,https://subwaybuildermodded.com/credits,CYI,TW,524443,10459,5537,0,0,0,0,0,0,0,0,0,0,0,0,0,0,0,0,0,0,0
154,winnipeg,Winnipeg,devenperez,devenperez,https://github.com/devenperez,YWG,CA,502477,4154,2137,0,0,0,0,0,0,0,0,0,0,0,0,0,0,0,0,0,0,0
155,quebec-city,Quebec City,devenperez,devenperez,https://github.com/devenperez,YQB,CA,497019,4131,2176,0,0,0,0,0,0,0,0,0,0,0,0,0,0,0,0,0,0,0
156,santa-barbara,Santa Barbara,rslurry,slurry,https://github.com/rslurry,SBA,US,475304,30058,1431,0,0,0,0,0,0,0,0,0,0,0,0,0,0,0,0,0,0,0
157,jerusalem,Jerusalem,BarKuperman,BarKuperman,https://github.com/BarKuperman,JER,IL,473200,2366,650,0,0,0,0,0,0,0,0,0,0,0,0,0,0,0,0,0,0,0
158,yukina-nakaumi,中海 (Nakaumi),ahkimn,Yukina-,https://subwaybuildermodded.com/credits,IZO,JP,472700,15820,6448,0,0,0,0,0,0,0,0,0,0,0,0,0,0,0,0,0,0,0
159,yukina-nagasaki,長崎 (Nagasaki),ahkimn,Yukina-,https://subwaybuildermodded.com/credits,NGS,JP,467566,14369,5003,0,0,0,0,0,0,0,0,0,0,0,0,0,0,0,0,0,0,0
160,yukina-pl-lublin,Lublin,ahkimn,Yukina-,https://subwaybuildermodded.com/credits,LUZ,PL,461019,21807,15066,0,0,0,0,0,0,0,0,0,0,0,0,0,0,0,0,0,0,0
161,genoa,Genoa,Maximilian284,max02,https://github.com/Maximilian284,GEN,IT,456057,6547,1881,0,0,0,0,0,0,0,0,0,0,0,0,0,0,0,0,0,0,0
162,yukina-pl-kielce,Kielce,ahkimn,Yukina-,https://subwaybuildermodded.com/credits,KIE,PL,454991,24015,18166,0,0,0,0,0,0,0,0,0,0,0,0,0,0,0,0,0,0,0
163,bologna,Bologna,Maximilian284,max02,https://github.com/Maximilian284,BOL,IT,454179,5584,2714,0,0,0,0,0,0,0,0,0,0,0,0,0,0,0,0,0,0,0
164,richmond,Richmond,rslurry,slurry,https://github.com/rslurry,RIC,US,452742,63651,1780,0,0,0,0,0,0,0,0,0,0,0,0,0,0,0,0,0,0,0
165,piedmont-triad,Piedmont Triad,PSWBSF,Potato Spaghetti Water Balloon Space Federation,https://youtu.be/dQw4w9WgXcQ?t=0,WGH,US,452333,49019,2580,0,0,0,0,0,0,0,0,0,0,0,0,0,0,0,0,0,0,0
166,yukina-pl-szczecin,Szczecin,ahkimn,Yukina-,https://subwaybuildermodded.com/credits,SZZ,PL,449582,16154,10111,0,0,0,0,0,0,0,0,0,0,0,0,0,0,0,0,0,0,0
167,buffalo-ny,Buffalo,PSWBSF,Potato Spaghetti Water Balloon Space Federation,https://youtu.be/dQw4w9WgXcQ?t=0,BUF,US,445021,31196,1559,0,0,0,0,0,0,0,0,0,0,0,0,0,0,0,0,0,0,0
168,waterloo,Region of Waterloo,Kronifer,Kronifer,https://github.com/Kronifer,YKF,CA,437817,3001,881,0,0,0,0,0,0,0,0,0,0,0,0,0,0,0,0,0,0,0
169,yukina-ee-tallinn,Tallinn,ahkimn,Yukina-,https://subwaybuildermodded.com/credits,TLL,EE,427487,14845,9734,0,0,0,0,0,0,0,0,0,0,0,0,0,0,0,0,0,0,0
170,akron-oh,"Akron, OH",bean1322,bean1322,https://github.com/bean1322,AKR,US,421326,45142,2292,0,0,0,0,0,0,0,0,0,0,0,0,0,0,0,0,0,0,0
171,yukina-tsugaru,津軽 (Tsugaru),ahkimn,Yukina-,https://subwaybuildermodded.com/credits,AOJ,JP,414153,15013,6270,0,0,0,0,0,0,0,0,0,0,0,0,0,0,0,0,0,0,0
172,yukina-morioka,盛岡 (Morioka),ahkimn,Yukina-,https://subwaybuildermodded.com/credits,HNA,JP,407181,14837,6254,0,0,0,0,0,0,0,0,0,0,0,0,0,0,0,0,0,0,0
173,yukina-matsuyama,松山 (Matsuyama),ahkimn,Yukina-,https://subwaybuildermodded.com/credits,MYJ,JP,393608,11426,3270,0,0,0,0,0,0,0,0,0,0,0,0,0,0,0,0,0,0,0
174,yukina-pl-rzeszow,Rzeszów,ahkimn,Yukina-,https://subwaybuildermodded.com/credits,RZE,PL,359064,19120,14357,0,0,0,0,0,0,0,0,0,0,0,0,0,0,0,0,0,0,0
175,yukina-cz-hradec-pardubice,Hradec Králové - Pardubice,ahkimn,Yukina-,https://subwaybuildermodded.com/credits,HKP,CZ,355743,25685,11018,0,0,0,0,0,0,0,0,0,0,0,0,0,0,0,0,0,0,0
176,yukina-cz-ustecko-chomutov,Ústí nad Labem - Chomutov,ahkimn,Yukina-,https://subwaybuildermodded.com/credits,UCH,CZ,350214,24754,8104,0,0,0,0,0,0,0,0,0,0,0,0,0,0,0,0,0,0,0
177,tri-cities,Tri-Cities,ryandicicco,ryandicicco,https://github.com/ryandicicco,PSC,US,346040,6659,334,0,0,0,0,0,0,0,0,0,0,0,0,0,0,0,0,0,0,0
178,albany,Albany,soccerjonj,soccerjonj,https://github.com/soccerjonj,ALB,US,328703,26823,1694,0,0,0,0,0,0,0,0,0,0,0,0,0,0,0,0,0,0,0
179,mfn-madisonwi,Madison,crumpetime,muffintime,https://github.com/crumpetime,MSN,US,327350,48129,2101,0,0,0,0,0,0,0,0,0,0,0,0,0,0,0,0,0,0,0
180,charleston-sc,"Charleston, SC",PSWBSF,Potato Spaghetti Water Balloon Space Federation,https://youtu.be/dQw4w9WgXcQ?t=0,CHS,US,323867,19301,1185,0,0,0,0,0,0,0,0,0,0,0,0,0,0,0,0,0,0,0
181,knoxville,Knoxville,rslurry,slurry,https://github.com/rslurry,KNOX,US,323445,45836,1520,0,0,0,0,0,0,0,0,0,0,0,0,0,0,0,0,0,0,0
182,yukina-yamagata,山形 (Yamagata),ahkimn,Yukina-,https://subwaybuildermodded.com/credits,GAJ,JP,323354,11161,4254,0,0,0,0,0,0,0,0,0,0,0,0,0,0,0,0,0,0,0
183,yukina-pl-opole,Opole,ahkimn,Yukina-,https://subwaybuildermodded.com/credits,OPL,PL,314740,15678,11652,0,0,0,0,0,0,0,0,0,0,0,0,0,0,0,0,0,0,0
184,yukina-kochi,高知 (Kōchi),ahkimn,Yukina-,https://subwaybuildermodded.com/credits,KCZ,JP,314606,9927,3511,0,0,0,0,0,0,0,0,0,0,0,0,0,0,0,0,0,0,0
185,yukina-cz-zlin,Zlín,ahkimn,Yukina-,https://subwaybuildermodded.com/credits,ZLN,CZ,304619,20652,9487,0,0,0,0,0,0,0,0,0,0,0,0,0,0,0,0,0,0,0
186,dayton-oh,Dayton,PSWBSF,Potato Spaghetti Water Balloon Space Federation,https://youtu.be/dQw4w9WgXcQ?t=0,DAY,US,302604,25947,1567,0,0,0,0,0,0,0,0,0,0,0,0,0,0,0,0,0,0,0
187,yukina-pl-bialystok,Białystok,ahkimn,Yukina-,https://subwaybuildermodded.com/credits,BTK,PL,299796,12953,8664,0,0,0,0,0,0,0,0,0,0,0,0,0,0,0,0,0,0,0
188,yukina-pl-czestochowa,Częstochowa,ahkimn,Yukina-,https://subwaybuildermodded.com/credits,CZE,PL,296810,15411,11646,0,0,0,0,0,0,0,0,0,0,0,0,0,0,0,0,0,0,0
189,trondheim-no,Trondheim,rslurry,slurry,https://github.com/rslurry,GTRD,NO,294397,16645,9277,0,0,0,0,0,0,0,0,0,0,0,0,0,0,0,0,0,0,0
190,rochester,Rochester,rslurry,slurry,https://github.com/rslurry,ROC,US,270140,24806,832,0,0,0,0,0,0,0,0,0,0,0,0,0,0,0,0,0,0,0
191,yukina-cz-olomouc,Olomouc,ahkimn,Yukina-,https://subwaybuildermodded.com/credits,OLO,CZ,269977,18724,7574,0,0,0,0,0,0,0,0,0,0,0,0,0,0,0,0,0,0,0
192,yukina-pl-zielona-gora,Zielona Góra,ahkimn,Yukina-,https://subwaybuildermodded.com/credits,IEG,PL,267818,12032,8466,0,0,0,0,0,0,0,0,0,0,0,0,0,0,0,0,0,0,0
193,toledo-oh,Toledo,bean1322,bean1322,https://github.com/bean1322,TOL,US,264059,27347,2253,0,0,0,0,0,0,0,0,0,0,0,0,0,0,0,0,0,0,0
194,yukina-pl-legnica,Legnica - LGOM,ahkimn,Yukina-,https://subwaybuildermodded.com/credits,LEG,PL,263776,11250,7836,0,0,0,0,0,0,0,0,0,0,0,0,0,0,0,0,0,0,0
195,mfn-northwestar,Northwest Arkansas,crumpetime,muffintime,https://github.com/crumpetime,XNA,US,261959,38101,3064,0,0,0,0,0,0,0,0,0,0,0,0,0,0,0,0,0,0,0
196,yukina-pl-radom,Radom,ahkimn,Yukina-,https://subwaybuildermodded.com/credits,RDO,PL,260548,14312,10965,0,0,0,0,0,0,0,0,0,0,0,0,0,0,0,0,0,0,0
197,yukina-pl-olsztyn,Olsztyn,ahkimn,Yukina-,https://subwaybuildermodded.com/credits,SZY,PL,260068,11057,7740,0,0,0,0,0,0,0,0,0,0,0,0,0,0,0,0,0,0,0
198,yukina-cz-plzen,Plzeň,ahkimn,Yukina-,https://subwaybuildermodded.com/credits,PLZ,CZ,246585,16996,7069,0,0,0,0,0,0,0,0,0,0,0,0,0,0,0,0,0,0,0
199,oklahoma-city,Oklahoma City,ryandicicco,ryandicicco,https://github.com/ryandicicco,OKC,US,235101,20963,640,0,0,0,0,0,0,0,0,0,0,0,0,0,0,0,0,0,0,0
200,yukina-cz-liberec-jablonec,Liberec - Jablonec nad Nisou,ahkimn,Yukina-,https://subwaybuildermodded.com/credits,LBC,CZ,234505,17072,6508,0,0,0,0,0,0,0,0,0,0,0,0,0,0,0,0,0,0,0
201,providence,Providence,soccerjonj,soccerjonj,https://github.com/soccerjonj,PVD,US,233115,13933,683,0,0,0,0,0,0,0,0,0,0,0,0,0,0,0,0,0,0,0
202,yukina-asahikawa,旭川 (Asahikawa),ahkimn,Yukina-,https://subwaybuildermodded.com/credits,AKJ,JP,231968,8448,3231,0,0,0,0,0,0,0,0,0,0,0,0,0,0,0,0,0,0,0
203,yukina-hakodate,函館 (Hakodate),ahkimn,Yukina-,https://subwaybuildermodded.com/credits,HKD,JP,208369,6819,2222,0,0,0,0,0,0,0,0,0,0,0,0,0,0,0,0,0,0,0
204,yukina-tottori,鳥取 (Tottori),ahkimn,Yukina-,https://subwaybuildermodded.com/credits,TTJ,JP,208067,7355,3216,0,0,0,0,0,0,0,0,0,0,0,0,0,0,0,0,0,0,0
205,trondheim-val,Trondheim,Valdotorium,Valdotorium,https://github.com/Valdotorium,TRD,NO,194310,1764,123,0,0,0,0,0,0,0,0,0,0,0,0,0,0,0,0,0,0,0
206,anchorage-ak,Anchorage,PSWBSF,Potato Spaghetti Water Balloon Space Federation,https://youtu.be/dQw4w9WgXcQ?t=0,ANC,US,189506,10546,742,0,0,0,0,0,0,0,0,0,0,0,0,0,0,0,0,0,0,0
207,kristiansand-no,Kristiansand,rslurry,slurry,https://github.com/rslurry,KRS,NO,183459,12405,6806,0,0,0,0,0,0,0,0,0,0,0,0,0,0,0,0,0,0,0
208,yukina-cz-jihlava,Jihlava,ahkimn,Yukina-,https://subwaybuildermodded.com/credits,JIH,CZ,182555,13216,6037,0,0,0,0,0,0,0,0,0,0,0,0,0,0,0,0,0,0,0
209,yukina-cz-ceske-budejovice,České Budějovice,ahkimn,Yukina-,https://subwaybuildermodded.com/credits,CBS,CZ,173000,11881,5151,0,0,0,0,0,0,0,0,0,0,0,0,0,0,0,0,0,0,0
210,colorado-ski-country,Colorado Ski Country,soccerjonj,soccerjonj,https://github.com/soccerjonj,EGE,US,167071,8868,2140,0,0,0,0,0,0,0,0,0,0,0,0,0,0,0,0,0,0,0
211,spokane,Spokane,ryandicicco,ryandicicco,https://github.com/ryandicicco,GEG,US,157109,16695,526,0,0,0,0,0,0,0,0,0,0,0,0,0,0,0,0,0,0,0
212,syracuse-ny,"Syracuse, NY",PSWBSF,Potato Spaghetti Water Balloon Space Federation,https://youtu.be/dQw4w9WgXcQ?t=0,SYR,US,156483,10188,769,0,0,0,0,0,0,0,0,0,0,0,0,0,0,0,0,0,0,0
213,charleston-huntington-wv,Charleston-Huntington,PSWBSF,Potato Spaghetti Water Balloon Space Federation,https://youtu.be/dQw4w9WgXcQ?t=0,CHAI,US,151225,16547,1595,0,0,0,0,0,0,0,0,0,0,0,0,0,0,0,0,0,0,0
214,yukina-cz-karlovy-vary,Karlovy Vary,ahkimn,Yukina-,https://subwaybuildermodded.com/credits,KVY,CZ,141449,9649,4039,0,0,0,0,0,0,0,0,0,0,0,0,0,0,0,0,0,0,0
215,yukina-ee-tartu,Tartu,ahkimn,Yukina-,https://subwaybuildermodded.com/credits,TAY,EE,112550,8051,5311,0,0,0,0,0,0,0,0,0,0,0,0,0,0,0,0,0,0,0
216,ipoh,Ipoh,nzh0172,naz,https://github.com/nzh0172,IPH,MY,89318,1477,710,0,0,0,0,0,0,0,0,0,0,0,0,0,0,0,0,0,0,0
217,wilmington-nc,"Wilmington, NC",PSWBSF,Potato Spaghetti Water Balloon Space Federation,https://youtu.be/dQw4w9WgXcQ?t=0,WIL,US,83410,3737,333,0,0,0,0,0,0,0,0,0,0,0,0,0,0,0,0,0,0,0
218,tromso-no,Tromsø,rslurry,slurry,https://github.com/rslurry,TOS,NO,79068,2479,695,0,0,0,0,0,0,0,0,0,0,0,0,0,0,0,0,0,0,0
219,yukina-lv-daugavpils,Daugavpils,ahkimn,Yukina-,https://subwaybuildermodded.com/credits,DGV,LV,59320,4326,2760,0,0,0,0,0,0,0,0,0,0,0,0,0,0,0,0,0,0,0
220,yukina-ee-ida-viru,Ida-Viru,ahkimn,Yukina-,https://subwaybuildermodded.com/credits,IDV,EE,55158,3198,2091,0,0,0,0,0,0,0,0,0,0,0,0,0,0,0,0,0,0,0
221,yukina-lv-liepaja,Liepāja,ahkimn,Yukina-,https://subwaybuildermodded.com/credits,LPX,LV,52978,3813,2376,0,0,0,0,0,0,0,0,0,0,0,0,0,0,0,0,0,0,0
222,yukina-nemuro,根室 (Nemuro),ahkimn,Yukina-,https://subwaybuildermodded.com/credits,SHB,JP,44730,3748,1757,0,0,0,0,0,0,0,0,0,0,0,0,0,0,0,0,0,0,0
223,yukina-ee-parnu,Pärnu,ahkimn,Yukina-,https://subwaybuildermodded.com/credits,EPU,EE,41309,3668,2887,0,0,0,0,0,0,0,0,0,0,0,0,0,0,0,0,0,0,0
224,yukina-wakkanai,稚内 (Wakkanai),ahkimn,Yukina-,https://subwaybuildermodded.com/credits,WKJ,JP,40624,2916,1146,0,0,0,0,0,0,0,0,0,0,0,0,0,0,0,0,0,0,0
