rank,listing_type,id,name,author,author_alias,attribution_link,total_downloads,adjusted_total_downloads,latest_snapshot
1,mod,advanced-analytics,Advanced Analytics,stefanorigano,Steno,https://github.com/stefanorigano,8348,8348,snapshot_2026_07_06.json
2,mod,distance-circles,Station Catchment Viewer,crumpetime,muffintime,https://github.com/crumpetime,3512,3512,snapshot_2026_07_06.json
3,mod,subwaybuilder-regions,Regions,ahkimn,Yukina-,https://subwaybuildermodded.com/credits,3055,3055,snapshot_2026_07_06.json
4,map,greater-los-angeles,Greater Los Angeles,rslurry,slurry,https://github.com/rslurry,2884,2884,snapshot_2026_07_06.json
5,mod,simple-trains,Simple Trains,Bobby-047,Bobby-047,https://github.com/Bobby-047,2484,2484,snapshot_2026_07_06.json
6,mod,transit-overlay,Transit Overlay,BarKuperman,BarKuperman,https://github.com/BarKuperman,2209,2209,snapshot_2026_07_06.json
7,map,jelegend-tokyo,東京 (Tokyo),jelegend,jelegend,https://github.com/jelegend,2190,2190,snapshot_2026_07_06.json
8,mod,danield1909-dantrains,"danTrains (v1.* ""Phoenix"")",DanielD1909,DanielD1909,https://github.com/DanielD1909,2042,2042,snapshot_2026_07_06.json
9,mod,citymapper,Citymapper,Gio1112,giorgiodabest,https://giorgio.is-a.dev/,2034,2034,snapshot_2026_07_06.json
10,map,toronto,Toronto,devenperez,devenperez,https://github.com/devenperez,2008,2008,snapshot_2026_07_06.json
11,map,seoul-4,Seoul (40km×40km),kimth9,kimth9,https://github.com/kimth9,1985,1985,snapshot_2026_07_06.json
12,mod,valdotoriums-trains,Valdotoriums S-Bahn and Trams,Valdotorium,Valdotorium,https://github.com/Valdotorium,1850,1850,snapshot_2026_07_06.json
13,mod,tod,Transit-Oriented Development[beta],hsullivan1201,hsullivan1201,https://github.com/hsullivan1201,1831,1831,snapshot_2026_07_06.json
14,map,mfn-hong-kong,Hong Kong,crumpetime,muffintime,https://github.com/crumpetime,1807,1807,snapshot_2026_07_06.json
15,mod,any-money,anyMoney,nzh0172,naz,https://github.com/nzh0172,1610,1610,snapshot_2026_07_06.json
16,map,yukina-osaka,大阪 (Ōsaka),ahkimn,Yukina-,https://subwaybuildermodded.com/credits,1568,1568,snapshot_2026_07_06.json
17,mod,network-status,Network Status,Valdotorium,Valdotorium,https://github.com/Valdotorium,1469,1469,snapshot_2026_07_06.json
18,mod,improved-schematics,Improved Schematics,martig7,martig7,https://github.com/martig7,1453,1453,snapshot_2026_07_06.json
19,map,ciudad-de-mexico,Ciudad de México,rslurry,slurry,https://github.com/rslurry,1393,1393,snapshot_2026_07_06.json
20,map,montreal,Montreal,devenperez,devenperez,https://github.com/devenperez,1358,1358,snapshot_2026_07_06.json
21,map,berlin-val,Berlin,Valdotorium,Valdotorium,https://github.com/Valdotorium,1345,1345,snapshot_2026_07_06.json
22,mod,station-dots,Station Dots,nzh0172,naz,https://github.com/nzh0172,1312,1312,snapshot_2026_07_06.json
23,map,zurich,Zurich,Kronifer,Kronifer,https://github.com/Kronifer,1209,1209,snapshot_2026_07_06.json
24,map,los-angeles-county,Los Angeles County,rslurry,slurry,https://github.com/rslurry,1182,1182,snapshot_2026_07_06.json
25,mod,mode-manager,Mode Manager,Mpfk,Mpfk,https://github.com/Mpfk,1178,1178,snapshot_2026_07_06.json
26,map,vancouver,Vancouver,devenperez,devenperez,https://github.com/devenperez,1158,1158,snapshot_2026_07_06.json
27,mod,track-visualizer,track height visualizer,seanyushoumori,seanyushoumori,https://github.com/seanyushoumori,1148,1148,snapshot_2026_07_06.json
28,map,yukina-cz-praha,Praha,ahkimn,Yukina-,https://subwaybuildermodded.com/credits,1139,1139,snapshot_2026_07_06.json
29,map,barcelona,Barcelona,Maximilian284,max02,https://github.com/Maximilian284,1121,1121,snapshot_2026_07_06.json
30,map,sydney,Sydney,WillBarouch,WillBarouch,https://github.com/WillBarouch,1054,1054,snapshot_2026_07_06.json
31,mod,game-speedup,Game SpeedUp,Valdotorium,Valdotorium,https://github.com/Valdotorium,1020,1020,snapshot_2026_07_06.json
32,map,seoul-3,Seoul (30km×30km),kimth9,kimth9,https://github.com/kimth9,1001,1001,snapshot_2026_07_06.json
33,map,amsterdam,Amsterdam,ryandicicco,ryandicicco,https://github.com/ryandicicco,996,996,snapshot_2026_07_06.json
34,map,glasgow-edinburgh,Glasgow-Edinburgh,Kronifer,Kronifer,https://github.com/Kronifer,963,963,snapshot_2026_07_06.json
35,map,madrid,Madrid,Maximilian284,max02,https://github.com/Maximilian284,945,945,snapshot_2026_07_06.json
36,map,yukina-kyoto,京都 (Kyōto),ahkimn,Yukina-,https://subwaybuildermodded.com/credits,940,940,snapshot_2026_07_06.json
37,map,singapore-val,Singapore,Valdotorium,Valdotorium,https://github.com/Valdotorium,921,921,snapshot_2026_07_06.json
38,map,yukina-tw-taipei,臺北 (Taipei),ahkimn,Yukina-,https://subwaybuildermodded.com/credits,914,914,snapshot_2026_07_06.json
39,map,busan-4,Busan (40km×40km),kimth9,kimth9,https://github.com/kimth9,864,864,snapshot_2026_07_06.json
40,map,shanghai,Shanghai,Kronifer,Kronifer,https://github.com/Kronifer,746,746,snapshot_2026_07_06.json
41,map,charleston-huntington-wv,Charleston-Huntington,PSWBSF,Potato Spaghetti Water Balloon Space Federation,https://youtu.be/dQw4w9WgXcQ?t=0,743,743,snapshot_2026_07_06.json
42,map,helsinki,Helsinki,rslurry,slurry,https://github.com/rslurry,729,729,snapshot_2026_07_06.json
43,map,guangzhou,Guangzhou,Kronifer,Kronifer,https://github.com/Kronifer,662,662,snapshot_2026_07_06.json
44,map,yukina-fukuoka,福岡 (Fukuoka),ahkimn,Yukina-,https://subwaybuildermodded.com/credits,618,618,snapshot_2026_07_06.json
45,map,milan,Milan,Maximilian284,max02,https://github.com/Maximilian284,617,617,snapshot_2026_07_06.json
46,map,incheon-4,Incheon (40km×40km),kimth9,kimth9,https://github.com/kimth9,609,609,snapshot_2026_07_06.json
47,map,rome,Rome,Maximilian284,max02,https://github.com/Maximilian284,595,595,snapshot_2026_07_06.json
48,map,monterrey,Monterrey,rslurry,slurry,https://github.com/rslurry,574,574,snapshot_2026_07_06.json
49,mod,orbital-surveyor,Orbital Surveyor,BarKuperman,BarKuperman,https://github.com/BarKuperman,552,552,snapshot_2026_07_06.json
50,map,tampa-bay,Tampa Bay,rslurry,slurry,https://github.com/rslurry,549,549,snapshot_2026_07_06.json
51,map,dublin,Dublin,Kronifer,Kronifer,https://github.com/Kronifer,545,545,snapshot_2026_07_06.json
52,mod,satellite-overlay,Satellite Overlay,TransitCore,TransitCore,https://github.com/TransitCore,538,538,snapshot_2026_07_06.json
53,map,yukina-pl-warszawa,Warszawa,ahkimn,Yukina-,https://subwaybuildermodded.com/credits,522,522,snapshot_2026_07_06.json
54,map,ottawa,Ottawa,devenperez,devenperez,https://github.com/devenperez,512,512,snapshot_2026_07_06.json
55,map,guadalajara,Guadalajara,rslurry,slurry,https://github.com/rslurry,509,509,snapshot_2026_07_06.json
56,mod,cinematic-camera,Cinematic Camera,TransitCore,TransitCore,https://github.com/TransitCore,504,504,snapshot_2026_07_06.json
57,map,yukina-nagoya,名古屋 (Nagoya),ahkimn,Yukina-,https://subwaybuildermodded.com/credits,495,495,snapshot_2026_07_06.json
58,map,tel-aviv,Tel Aviv,BarKuperman,BarKuperman,https://github.com/BarKuperman,492,492,snapshot_2026_07_06.json
59,map,baltimore-dc-corridor,Baltimore-DC Corridor,rslurry,slurry,https://github.com/rslurry,490,490,snapshot_2026_07_06.json
60,map,yukina-sapporo-chitose,札幌 (Sapporo),ahkimn,Yukina-,https://subwaybuildermodded.com/credits,489,489,snapshot_2026_07_06.json
61,map,rotterdam-the-hague,Rotterdam-The Hague,ryandicicco,ryandicicco,https://github.com/ryandicicco,485,485,snapshot_2026_07_06.json
62,mod,scrollable-dropdowns,Scrollable Dropdowns,seanyushoumori,seanyushoumori,https://github.com/seanyushoumori,484,484,snapshot_2026_07_06.json
63,mod,track-anarchy,Track Anarchy,seanyushoumori,seanyushoumori,https://github.com/seanyushoumori,459,459,snapshot_2026_07_06.json
64,map,calgary,Calgary,devenperez,devenperez,https://github.com/devenperez,458,458,snapshot_2026_07_06.json
65,mod,lrt-trains,LRT Trains,kaicardenas0618,kaicardenas0618,https://github.com/kaicardenas0618,457,457,snapshot_2026_07_06.json
66,map,yukina-pl-krakow,Kraków,ahkimn,Yukina-,https://subwaybuildermodded.com/credits,456,456,snapshot_2026_07_06.json
67,map,mfn-lasvegas,Las Vegas,crumpetime,muffintime,https://github.com/crumpetime,444,444,snapshot_2026_07_06.json
68,map,shenzhen,Shenzhen,Kronifer,Kronifer,https://github.com/Kronifer,424,424,snapshot_2026_07_06.json
69,map,yukina-okinawa,沖縄 (Okinawa),ahkimn,Yukina-,https://subwaybuildermodded.com/credits,421,421,snapshot_2026_07_06.json
70,map,busan-3,Busan (30km×30km),kimth9,kimth9,https://github.com/kimth9,420,420,snapshot_2026_07_06.json
71,map,puerto-rico,Puerto Rico,rslurry,slurry,https://github.com/rslurry,419,419,snapshot_2026_07_06.json
72,map,warsaw-val,Warsaw,Valdotorium,Valdotorium,https://github.com/Valdotorium,413,413,snapshot_2026_07_06.json
73,map,edmonton,Edmonton,devenperez,devenperez,https://github.com/devenperez,394,394,snapshot_2026_07_06.json
74,map,quebec-city,Quebec City,devenperez,devenperez,https://github.com/devenperez,392,392,snapshot_2026_07_06.json
75,map,yukina-hiroshima-kure,広島 (Hiroshima),ahkimn,Yukina-,https://subwaybuildermodded.com/credits,382,382,snapshot_2026_07_06.json
76,map,greater-newyork,Greater NYC,chasemanning040911-afk,lechicken,https://github.com/chasemanning040911-afk,355,355,snapshot_2026_07_06.json
77,map,oslo-no,Oslo,rslurry,slurry,https://github.com/rslurry,346,346,snapshot_2026_07_06.json
78,map,yukina-pl-gdansk,Gdańsk,ahkimn,Yukina-,https://subwaybuildermodded.com/credits,335,335,snapshot_2026_07_06.json
79,map,bangkok,Bangkok,nzh0172,naz,https://github.com/nzh0172,333,333,snapshot_2026_07_06.json
80,mod,chinese-trains,Chinese Trains,kaicardenas0618,kaicardenas0618,https://github.com/kaicardenas0618,330,330,snapshot_2026_07_06.json
81,map,bilbao,Bilbao,Maximilian284,max02,https://github.com/Maximilian284,325,325,snapshot_2026_07_06.json
82,map,yukina-cz-brno,Brno,ahkimn,Yukina-,https://subwaybuildermodded.com/credits,322,322,snapshot_2026_07_06.json
83,map,winnipeg,Winnipeg,devenperez,devenperez,https://github.com/devenperez,318,318,snapshot_2026_07_06.json
84,map,valencia,Valencia,Maximilian284,max02,https://github.com/Maximilian284,317,317,snapshot_2026_07_06.json
85,mod,japanese-trains,Japanese Trains,kaicardenas0618,kaicardenas0618,https://github.com/kaicardenas0618,315,315,snapshot_2026_07_06.json
86,mod,kr-ktp,Korean Transit Pack,kimth9,kimth9,https://github.com/kimth9,314,314,snapshot_2026_07_06.json
87,map,greater-kuala-lumpur,Greater Kuala Lumpur,nzh0172,naz,https://github.com/nzh0172,313,313,snapshot_2026_07_06.json
88,map,daytonatti,Daytonatti,soccerjonj,soccerjonj,https://github.com/soccerjonj,309,309,snapshot_2026_07_06.json
89,map,cairo,Cairo,ryandicicco,ryandicicco,https://github.com/ryandicicco,305,305,snapshot_2026_07_06.json
90,map,mfn-madisonwi,Madison,crumpetime,muffintime,https://github.com/crumpetime,305,305,snapshot_2026_07_06.json
91,mod,induced-demand,Induced Demand,martig7,martig7,https://github.com/martig7,302,302,snapshot_2026_07_06.json
92,map,lima,Lima,kaicardenas0618,kaicardenas0618,https://github.com/kaicardenas0618,285,285,snapshot_2026_07_06.json
93,map,dubai,Dubai,ryandicicco,ryandicicco,https://github.com/ryandicicco,276,276,snapshot_2026_07_06.json
94,map,tijuana-san-diego,Tijuana-San Diego,rslurry,slurry,https://github.com/rslurry,269,269,snapshot_2026_07_06.json
95,map,orlando,Orlando,rslurry,slurry,https://github.com/rslurry,267,267,snapshot_2026_07_06.json
96,map,yukina-kobe-akashi,神戸 (Kōbe),ahkimn,Yukina-,https://subwaybuildermodded.com/credits,266,266,snapshot_2026_07_06.json
97,map,greater-chicagoland,Greater Chicagoland,NerdieSanders,NerdieSanders,https://github.com/NerdieSanders,263,263,snapshot_2026_07_06.json
98,map,south-florida,South Florida,kaicardenas0618,kaicardenas0618,https://github.com/kaicardenas0618,262,262,snapshot_2026_07_06.json
99,map,yukina-kitakyushu-shimonoseki,北九州 (Kitakyūshū),ahkimn,Yukina-,https://subwaybuildermodded.com/credits,261,261,snapshot_2026_07_06.json
100,map,beijing,Beijing,Kronifer,Kronifer,https://github.com/Kronifer,258,258,snapshot_2026_07_06.json
101,map,bucharest-medium,Bucharest,metatablestudios,metatablestudios,https://github.com/metatablestudios,256,256,snapshot_2026_07_06.json
102,map,opo-pt-metropolitan,"Porto, Portugal",bquelhas,bquelhas,https://github.com/bquelhas,248,248,snapshot_2026_07_06.json
103,map,greatertwincities,Greater Twin Cities,DanielD1909,DanielD1909,https://github.com/DanielD1909,244,244,snapshot_2026_07_06.json
104,map,naples,Naples,Maximilian284,max02,https://github.com/Maximilian284,243,243,snapshot_2026_07_06.json
105,map,yukina-tw-kaohsiung,高雄 (Kaohsiung),ahkimn,Yukina-,https://subwaybuildermodded.com/credits,234,234,snapshot_2026_07_06.json
106,map,yukina-tw-taichung,臺中 (Taichung),ahkimn,Yukina-,https://subwaybuildermodded.com/credits,230,230,snapshot_2026_07_06.json
107,map,jerusalem,Jerusalem,BarKuperman,BarKuperman,https://github.com/BarKuperman,227,227,snapshot_2026_07_06.json
108,map,yukina-pl-wroclaw,Wrocław,ahkimn,Yukina-,https://subwaybuildermodded.com/credits,219,219,snapshot_2026_07_06.json
109,map,rhode-island,Rhode Island,rslurry,slurry,https://github.com/rslurry,213,213,snapshot_2026_07_06.json
110,map,yukina-sendai,仙台 (Sendai),ahkimn,Yukina-,https://subwaybuildermodded.com/credits,210,210,snapshot_2026_07_06.json
111,map,yukina-northern-kyushu,福北 (Fukuoka & Kitakyūshū),ahkimn,Yukina-,https://subwaybuildermodded.com/credits,207,207,snapshot_2026_07_06.json
112,map,sejong-4,Sejong (40km×40km),kimth9,kimth9,https://github.com/kimth9,203,203,snapshot_2026_07_06.json
113,map,trondheim-val,Trondheim,Valdotorium,Valdotorium,https://github.com/Valdotorium,199,199,snapshot_2026_07_06.json
114,map,providence,Providence,soccerjonj,soccerjonj,https://github.com/soccerjonj,193,193,snapshot_2026_07_06.json
115,map,yukina-pl-katowice-gzm,Katowice - GZM,ahkimn,Yukina-,https://subwaybuildermodded.com/credits,192,192,snapshot_2026_07_06.json
116,map,yukina-cz-ostrava,Ostrava,ahkimn,Yukina-,https://subwaybuildermodded.com/credits,191,191,snapshot_2026_07_06.json
117,map,sacramento,Sacramento,soccerjonj,soccerjonj,https://github.com/soccerjonj,187,187,snapshot_2026_07_06.json
118,map,ulsan-4,Ulsan (40km×40km),kimth9,kimth9,https://github.com/kimth9,184,184,snapshot_2026_07_06.json
119,map,albany,Albany,soccerjonj,soccerjonj,https://github.com/soccerjonj,183,183,snapshot_2026_07_06.json
120,map,daegu-3,Daegu (30km×30km),kimth9,kimth9,https://github.com/kimth9,183,183,snapshot_2026_07_06.json
121,map,chongqing,Chongqing,Kronifer,Kronifer,https://github.com/Kronifer,182,182,snapshot_2026_07_06.json
122,map,spokane,Spokane,ryandicicco,ryandicicco,https://github.com/ryandicicco,181,181,snapshot_2026_07_06.json
123,map,jeju-3,Jeju (30km×30km),kimth9,kimth9,https://github.com/kimth9,180,180,snapshot_2026_07_06.json
124,map,anchorage-ak,Anchorage,PSWBSF,Potato Spaghetti Water Balloon Space Federation,https://youtu.be/dQw4w9WgXcQ?t=0,179,179,snapshot_2026_07_06.json
125,map,incheon-3,Incheon (30km×30km),kimth9,kimth9,https://github.com/kimth9,179,179,snapshot_2026_07_06.json
126,map,san-juan,San Juan,rslurry,slurry,https://github.com/rslurry,178,178,snapshot_2026_07_06.json
127,map,yukina-hakodate,函館 (Hakodate),ahkimn,Yukina-,https://subwaybuildermodded.com/credits,173,173,snapshot_2026_07_06.json
128,map,nashville,Nashville,soccerjonj,soccerjonj,https://github.com/soccerjonj,172,172,snapshot_2026_07_06.json
129,map,turin,Turin,Maximilian284,max02,https://github.com/Maximilian284,170,170,snapshot_2026_07_06.json
130,map,yukina-matsuyama,松山 (Matsuyama),ahkimn,Yukina-,https://subwaybuildermodded.com/credits,170,170,snapshot_2026_07_06.json
131,map,florence,Florence,Maximilian284,max02,https://github.com/Maximilian284,169,169,snapshot_2026_07_06.json
132,map,genoa,Genoa,Maximilian284,max02,https://github.com/Maximilian284,163,163,snapshot_2026_07_06.json
133,map,oklahoma-city,Oklahoma City,ryandicicco,ryandicicco,https://github.com/ryandicicco,162,162,snapshot_2026_07_06.json
134,map,yukina-kochi,高知 (Kōchi),ahkimn,Yukina-,https://subwaybuildermodded.com/credits,161,161,snapshot_2026_07_06.json
135,map,waterloo,Region of Waterloo,Kronifer,Kronifer,https://github.com/Kronifer,160,160,snapshot_2026_07_06.json
136,map,yukina-pl-lodz,Łódź,ahkimn,Yukina-,https://subwaybuildermodded.com/credits,159,159,snapshot_2026_07_06.json
137,map,jeju-f,Jeju (Full Island),kimth9,kimth9,https://github.com/kimth9,158,158,snapshot_2026_07_06.json
138,map,richmond,Richmond,rslurry,slurry,https://github.com/rslurry,157,157,snapshot_2026_07_06.json
139,mod,tathan-casino,TATHAN Casino,TathanDev,TathanDev,https://github.com/TathanDev,156,156,snapshot_2026_07_06.json
140,map,orange-county,Orange County,rslurry,slurry,https://github.com/rslurry,154,154,snapshot_2026_07_06.json
141,map,puebla,Puebla,rslurry,slurry,https://github.com/rslurry,153,128,snapshot_2026_07_06.json
142,map,jacksonville,Jacksonville,rslurry,slurry,https://github.com/rslurry,152,152,snapshot_2026_07_06.json
143,map,cdmx-core,CDMX Core,rslurry,slurry,https://github.com/rslurry,145,145,snapshot_2026_07_06.json
144,map,sejong-3,Sejong (30km×30km),kimth9,kimth9,https://github.com/kimth9,144,144,snapshot_2026_07_06.json
145,map,pyongyang-nk,Pyongyang,PSWBSF,Potato Spaghetti Water Balloon Space Federation,https://youtu.be/dQw4w9WgXcQ?t=0,143,143,snapshot_2026_07_06.json
146,map,mfn-hamptonroads,Norfolk,crumpetime,muffintime,https://github.com/crumpetime,142,142,snapshot_2026_07_06.json
147,map,yukina-bydgoszcz-torun,Bydgoszcz - Toruń,ahkimn,Yukina-,https://subwaybuildermodded.com/credits,142,142,snapshot_2026_07_06.json
148,map,yukina-kagoshima-kirishima,鹿児島 (Kagoshima),ahkimn,Yukina-,https://subwaybuildermodded.com/credits,141,141,snapshot_2026_07_06.json
149,map,buffalo-ny,Buffalo,PSWBSF,Potato Spaghetti Water Balloon Space Federation,https://youtu.be/dQw4w9WgXcQ?t=0,140,140,snapshot_2026_07_06.json
150,map,colorado-ski-country,Colorado Ski Country,soccerjonj,soccerjonj,https://github.com/soccerjonj,140,140,snapshot_2026_07_06.json
151,map,ciudad-juarez-el-paso,Ciudad Juárez-El Paso,rslurry,slurry,https://github.com/rslurry,138,138,snapshot_2026_07_06.json
152,map,yukina-tw-tainan,臺南 (Tainan),ahkimn,Yukina-,https://subwaybuildermodded.com/credits,138,138,snapshot_2026_07_06.json
153,map,greater-portland,Greater Portland,rslurry,slurry,https://github.com/rslurry,137,137,snapshot_2026_07_06.json
154,map,pianura-veneta,Pianura Veneta,Maximilian284,max02,https://github.com/Maximilian284,136,136,snapshot_2026_07_06.json
155,map,yukina-niigata,新潟 (Niigata),ahkimn,Yukina-,https://subwaybuildermodded.com/credits,136,136,snapshot_2026_07_06.json
156,map,louisville,Louisville,soccerjonj,soccerjonj,https://github.com/soccerjonj,135,135,snapshot_2026_07_06.json
157,map,yukina-cz-plzen,Plzeň,ahkimn,Yukina-,https://subwaybuildermodded.com/credits,135,135,snapshot_2026_07_06.json
158,map,connecticut-usa,Connecticut,PSWBSF,Potato Spaghetti Water Balloon Space Federation,https://youtu.be/dQw4w9WgXcQ?t=0,133,133,snapshot_2026_07_06.json
159,map,santa-barbara,Santa Barbara,rslurry,slurry,https://github.com/rslurry,133,133,snapshot_2026_07_06.json
160,map,rochester,Rochester,rslurry,slurry,https://github.com/rslurry,132,132,snapshot_2026_07_06.json
161,map,bologna,Bologna,Maximilian284,max02,https://github.com/Maximilian284,128,128,snapshot_2026_07_06.json
162,map,yukina-ee-tallinn,Tallinn,ahkimn,Yukina-,https://subwaybuildermodded.com/credits,127,127,snapshot_2026_07_06.json
163,map,yukina-yamagata,山形 (Yamagata),ahkimn,Yukina-,https://subwaybuildermodded.com/credits,126,126,snapshot_2026_07_06.json
164,map,san-antonio,San Antonio,rslurry,slurry,https://github.com/rslurry,125,125,snapshot_2026_07_06.json
165,map,yukina-nagasaki,長崎 (Nagasaki),ahkimn,Yukina-,https://subwaybuildermodded.com/credits,125,125,snapshot_2026_07_06.json
166,map,bari,Bari,Maximilian284,max02,https://github.com/Maximilian284,121,121,snapshot_2026_07_06.json
167,map,greater-baltimore,Greater Baltimore,rslurry,slurry,https://github.com/rslurry,120,120,snapshot_2026_07_06.json
168,map,memphis,Memphis,rslurry,slurry,https://github.com/rslurry,119,119,snapshot_2026_07_06.json
169,map,yukina-pl-poznan,Poznań,ahkimn,Yukina-,https://subwaybuildermodded.com/credits,113,113,snapshot_2026_07_06.json
170,map,mfn-msy,New Orleans,crumpetime,muffintime,https://github.com/crumpetime,111,111,snapshot_2026_07_06.json
171,map,yukina-cz-ustecko-chomutov,Ústí nad Labem - Chomutov,ahkimn,Yukina-,https://subwaybuildermodded.com/credits,111,111,snapshot_2026_07_06.json
172,map,mfn-northwestar,Northwest Arkansas,crumpetime,muffintime,https://github.com/crumpetime,110,110,snapshot_2026_07_06.json
173,map,garda-lake,Garda Lake,Maximilian284,max02,https://github.com/Maximilian284,109,109,snapshot_2026_07_06.json
174,map,willamette-valley,"Willamette Valley, OR",Phineapoo,Phineapoo,https://github.com/Phineapoo,107,107,snapshot_2026_07_06.json
175,map,daegu-4,Daegu (40km×40km),kimth9,kimth9,https://github.com/kimth9,106,106,snapshot_2026_07_06.json
176,map,bergen-stavanger-no,Bergen-Stavanger,rslurry,slurry,https://github.com/rslurry,103,103,snapshot_2026_07_06.json
177,map,catania,Catania,Maximilian284,max02,https://github.com/Maximilian284,102,102,snapshot_2026_07_06.json
178,map,piedmont-triad,Piedmont Triad,PSWBSF,Potato Spaghetti Water Balloon Space Federation,https://youtu.be/dQw4w9WgXcQ?t=0,101,101,snapshot_2026_07_06.json
179,map,yukina-cz-olomouc,Olomouc,ahkimn,Yukina-,https://subwaybuildermodded.com/credits,101,101,snapshot_2026_07_06.json
180,map,charleston-sc,"Charleston, SC",PSWBSF,Potato Spaghetti Water Balloon Space Federation,https://youtu.be/dQw4w9WgXcQ?t=0,99,99,snapshot_2026_07_06.json
181,map,yukina-cz-hradec-pardubice,Hradec Králové - Pardubice,ahkimn,Yukina-,https://subwaybuildermodded.com/credits,99,99,snapshot_2026_07_06.json
182,map,palermo,Palermo,Maximilian284,max02,https://github.com/Maximilian284,98,98,snapshot_2026_07_06.json
183,map,yukina-tw-hsinchu,新竹 (Hsinchu),ahkimn,Yukina-,https://subwaybuildermodded.com/credits,95,95,snapshot_2026_07_06.json
184,map,tromso-no,Tromsø,rslurry,slurry,https://github.com/rslurry,93,93,snapshot_2026_07_06.json
185,map,yukina-nakaumi,中海 (Nakaumi),ahkimn,Yukina-,https://subwaybuildermodded.com/credits,93,93,snapshot_2026_07_06.json
186,map,mfn-rdu,Raleigh,crumpetime,muffintime,https://github.com/crumpetime,92,92,snapshot_2026_07_06.json
187,map,saltillo,Saltillo,rslurry,slurry,https://github.com/rslurry,91,77,snapshot_2026_07_06.json
188,map,wilmington-nc,"Wilmington, NC",PSWBSF,Potato Spaghetti Water Balloon Space Federation,https://youtu.be/dQw4w9WgXcQ?t=0,90,90,snapshot_2026_07_06.json
189,map,trondheim-no,Trondheim,rslurry,slurry,https://github.com/rslurry,81,81,snapshot_2026_07_06.json
190,map,yukina-toyama,富山 (Toyama),ahkimn,Yukina-,https://subwaybuildermodded.com/credits,81,81,snapshot_2026_07_06.json
191,map,yukina-pl-szczecin,Szczecin,ahkimn,Yukina-,https://subwaybuildermodded.com/credits,80,80,snapshot_2026_07_06.json
192,map,ulsan-3,Ulsan (30km×30km),kimth9,kimth9,https://github.com/kimth9,79,79,snapshot_2026_07_06.json
193,map,daejeon-4,Daejeon (40km×40km),kimth9,kimth9,https://github.com/kimth9,75,75,snapshot_2026_07_06.json
194,map,yukina-lv-riga,Rīga,ahkimn,Yukina-,https://subwaybuildermodded.com/credits,75,75,snapshot_2026_07_06.json
195,map,yukina-shizuoka-hamamatsu,静岡・浜松 (Shizuoka/Hamamatsu),ahkimn,Yukina-,https://subwaybuildermodded.com/credits,75,75,snapshot_2026_07_06.json
196,map,yukina-asahikawa,旭川 (Asahikawa),ahkimn,Yukina-,https://subwaybuildermodded.com/credits,73,73,snapshot_2026_07_06.json
197,map,yukina-tw-chiayi,嘉義 (Chiayi),ahkimn,Yukina-,https://subwaybuildermodded.com/credits,72,72,snapshot_2026_07_06.json
198,map,daejeon-3,Daejeon (30km×30km),kimth9,kimth9,https://github.com/kimth9,71,71,snapshot_2026_07_06.json
199,map,dayton-oh,Dayton,PSWBSF,Potato Spaghetti Water Balloon Space Federation,https://youtu.be/dQw4w9WgXcQ?t=0,71,71,snapshot_2026_07_06.json
200,map,gwangju-4,Gwangju (40km×40km),kimth9,kimth9,https://github.com/kimth9,71,71,snapshot_2026_07_06.json
201,map,yukina-pl-bialystok,Białystok,ahkimn,Yukina-,https://subwaybuildermodded.com/credits,70,70,snapshot_2026_07_06.json
202,map,yukina-takamatsu,高松 (Takamatsu),ahkimn,Yukina-,https://subwaybuildermodded.com/credits,69,69,snapshot_2026_07_06.json
203,map,pianura-emiliana,Pianura Emiliana,Maximilian284,max02,https://github.com/Maximilian284,67,67,snapshot_2026_07_06.json
204,map,yukina-okayama,岡山 (Okayama),ahkimn,Yukina-,https://subwaybuildermodded.com/credits,64,64,snapshot_2026_07_06.json
205,mod,copy-paste,Copy Paste,seanyushoumori,seanyushoumori,https://github.com/seanyushoumori,63,63,snapshot_2026_07_06.json
206,map,pulau-pinang,Pulau Pinang,nzh0172,naz,https://github.com/nzh0172,63,63,snapshot_2026_07_06.json
207,map,yukina-tsugaru,津軽 (Tsugaru),ahkimn,Yukina-,https://subwaybuildermodded.com/credits,62,62,snapshot_2026_07_06.json
208,map,knoxville,Knoxville,rslurry,slurry,https://github.com/rslurry,60,51,snapshot_2026_07_06.json
209,map,riviera-romagnola,Riviera Romagnola,Maximilian284,max02,https://github.com/Maximilian284,60,60,snapshot_2026_07_06.json
210,map,yukina-pl-lublin,Lublin,ahkimn,Yukina-,https://subwaybuildermodded.com/credits,60,60,snapshot_2026_07_06.json
211,map,tri-cities,Tri-Cities,ryandicicco,ryandicicco,https://github.com/ryandicicco,56,56,snapshot_2026_07_06.json
212,map,gwangju-3,Gwangju (30km×30km),kimth9,kimth9,https://github.com/kimth9,55,55,snapshot_2026_07_06.json
213,map,syracuse-ny,"Syracuse, NY",PSWBSF,Potato Spaghetti Water Balloon Space Federation,https://youtu.be/dQw4w9WgXcQ?t=0,54,54,snapshot_2026_07_06.json
214,map,yukina-nakadoori,中通り (Nakadōri),ahkimn,Yukina-,https://subwaybuildermodded.com/credits,46,46,snapshot_2026_07_06.json
215,map,yukina-pl-rzeszow,Rzeszów,ahkimn,Yukina-,https://subwaybuildermodded.com/credits,46,46,snapshot_2026_07_06.json
216,map,mexicali,Mexicali-Imperial Valley-Yuma,rslurry,slurry,https://github.com/rslurry,44,44,snapshot_2026_07_06.json
217,map,toledo-oh,Toledo,bean1322,bean1322,https://github.com/bean1322,44,44,snapshot_2026_07_06.json
218,map,yukina-cz-liberec-jablonec,Liberec - Jablonec nad Nisou,ahkimn,Yukina-,https://subwaybuildermodded.com/credits,44,44,snapshot_2026_07_06.json
219,map,yukina-cz-ceske-budejovice,České Budějovice,ahkimn,Yukina-,https://subwaybuildermodded.com/credits,43,43,snapshot_2026_07_06.json
220,map,akron-oh,"Akron, OH",bean1322,bean1322,https://github.com/bean1322,42,42,snapshot_2026_07_06.json
221,map,cusco,Cusco,kaicardenas0618,kaicardenas0618,https://github.com/kaicardenas0618,40,40,snapshot_2026_07_06.json
222,map,yukina-kumamoto,熊本 (Kumamoto),ahkimn,Yukina-,https://subwaybuildermodded.com/credits,38,38,snapshot_2026_07_06.json
223,map,arequipa,Arequipa,kaicardenas0618,kaicardenas0618,https://github.com/kaicardenas0618,34,34,snapshot_2026_07_06.json
224,map,kristiansand-no,Kristiansand,rslurry,slurry,https://github.com/rslurry,32,32,snapshot_2026_07_06.json
225,map,johor-bahru,Johor Bahru,nzh0172,naz,https://github.com/nzh0172,31,31,snapshot_2026_07_06.json
226,map,jeju-4,Jeju (40km×40km),kimth9,kimth9,https://github.com/kimth9,28,28,snapshot_2026_07_06.json
227,map,yukina-cz-karlovy-vary,Karlovy Vary,ahkimn,Yukina-,https://subwaybuildermodded.com/credits,28,28,snapshot_2026_07_06.json
228,map,yukina-ee-parnu,Pärnu,ahkimn,Yukina-,https://subwaybuildermodded.com/credits,28,28,snapshot_2026_07_06.json
229,map,yukina-morioka,盛岡 (Morioka),ahkimn,Yukina-,https://subwaybuildermodded.com/credits,25,25,snapshot_2026_07_06.json
230,map,ipoh,Ipoh,nzh0172,naz,https://github.com/nzh0172,23,23,snapshot_2026_07_06.json
231,map,yukina-lv-daugavpils,Daugavpils,ahkimn,Yukina-,https://subwaybuildermodded.com/credits,22,22,snapshot_2026_07_06.json
232,map,yukina-pl-kielce,Kielce,ahkimn,Yukina-,https://subwaybuildermodded.com/credits,21,21,snapshot_2026_07_06.json
233,map,chiclayo,Chiclayo,kaicardenas0618,kaicardenas0618,https://github.com/kaicardenas0618,19,19,snapshot_2026_07_06.json
234,map,trujillo,Trujillo,kaicardenas0618,kaicardenas0618,https://github.com/kaicardenas0618,19,19,snapshot_2026_07_06.json
235,map,yukina-pl-zielona-gora,Zielona Góra,ahkimn,Yukina-,https://subwaybuildermodded.com/credits,19,19,snapshot_2026_07_06.json
236,map,chimbote,Chimbote,kaicardenas0618,kaicardenas0618,https://github.com/kaicardenas0618,18,18,snapshot_2026_07_06.json
237,map,piura,Piura,kaicardenas0618,kaicardenas0618,https://github.com/kaicardenas0618,18,18,snapshot_2026_07_06.json
238,map,yukina-tottori,鳥取 (Tottori),ahkimn,Yukina-,https://subwaybuildermodded.com/credits,18,18,snapshot_2026_07_06.json
239,map,iquitos,Iquitos,kaicardenas0618,kaicardenas0618,https://github.com/kaicardenas0618,17,17,snapshot_2026_07_06.json
240,map,yukina-ee-tartu,Tartu,ahkimn,Yukina-,https://subwaybuildermodded.com/credits,17,17,snapshot_2026_07_06.json
241,map,yukina-pl-olsztyn,Olsztyn,ahkimn,Yukina-,https://subwaybuildermodded.com/credits,16,16,snapshot_2026_07_06.json
242,map,huancayo-jauja,Huancayo/Jauja,kaicardenas0618,kaicardenas0618,https://github.com/kaicardenas0618,15,15,snapshot_2026_07_06.json
243,map,yukina-lv-liepaja,Liepāja,ahkimn,Yukina-,https://subwaybuildermodded.com/credits,14,14,snapshot_2026_07_06.json
244,map,yukina-ee-ida-viru,Ida-Viru,ahkimn,Yukina-,https://subwaybuildermodded.com/credits,13,13,snapshot_2026_07_06.json
245,map,yukina-pl-radom,Radom,ahkimn,Yukina-,https://subwaybuildermodded.com/credits,13,13,snapshot_2026_07_06.json
246,map,yukina-pl-czestochowa,Częstochowa,ahkimn,Yukina-,https://subwaybuildermodded.com/credits,11,11,snapshot_2026_07_06.json
247,map,yukina-cz-jihlava,Jihlava,ahkimn,Yukina-,https://subwaybuildermodded.com/credits,9,9,snapshot_2026_07_06.json
248,map,yukina-cz-zlin,Zlín,ahkimn,Yukina-,https://subwaybuildermodded.com/credits,8,8,snapshot_2026_07_06.json
249,map,yukina-pl-opole,Opole,ahkimn,Yukina-,https://subwaybuildermodded.com/credits,7,7,snapshot_2026_07_06.json
250,map,yukina-pl-legnica,Legnica - LGOM,ahkimn,Yukina-,https://subwaybuildermodded.com/credits,6,6,snapshot_2026_07_06.json
