rank,listing_type,id,name,author,author_alias,attribution_link,download_change,adjusted_download_change,current_total,adjusted_current_total,baseline_total,adjusted_baseline_total,latest_snapshot,baseline_snapshot
1,mod,improved-schematics,Improved Schematics,martig7,martig7,https://github.com/martig7,194,194,1453,1453,1259,1259,snapshot_2026_07_06.json,snapshot_2026_07_03.json
2,mod,induced-demand,Induced Demand,martig7,martig7,https://github.com/martig7,179,179,302,302,123,123,snapshot_2026_07_06.json,snapshot_2026_07_03.json
3,map,jelegend-tokyo,東京 (Tokyo),jelegend,jelegend,https://github.com/jelegend,163,163,2190,2190,2027,2027,snapshot_2026_07_06.json,snapshot_2026_07_03.json
4,mod,distance-circles,Station Catchment Viewer,crumpetime,muffintime,https://github.com/crumpetime,117,117,3512,3512,3395,3395,snapshot_2026_07_06.json,snapshot_2026_07_03.json
5,map,chongqing,Chongqing,Kronifer,Kronifer,https://github.com/Kronifer,117,117,182,182,65,65,snapshot_2026_07_06.json,snapshot_2026_07_03.json
6,mod,advanced-analytics,Advanced Analytics,stefanorigano,Steno,https://github.com/stefanorigano,111,111,8348,8348,8237,8237,snapshot_2026_07_06.json,snapshot_2026_07_03.json
7,map,yukina-lv-riga,Rīga,ahkimn,Yukina-,https://subwaybuildermodded.com/credits,75,75,75,75,0,0,snapshot_2026_07_06.json,snapshot_2026_07_03.json
8,mod,track-visualizer,track height visualizer,seanyushoumori,seanyushoumori,https://github.com/seanyushoumori,61,61,1148,1148,1087,1087,snapshot_2026_07_06.json,snapshot_2026_07_03.json
9,mod,orbital-surveyor,Orbital Surveyor,BarKuperman,BarKuperman,https://github.com/BarKuperman,61,61,552,552,491,491,snapshot_2026_07_06.json,snapshot_2026_07_03.json
10,mod,citymapper,Citymapper,Gio1112,giorgiodabest,https://giorgio.is-a.dev/,59,59,2034,2034,1975,1975,snapshot_2026_07_06.json,snapshot_2026_07_03.json
11,map,greater-chicagoland,Greater Chicagoland,NerdieSanders,NerdieSanders,https://github.com/NerdieSanders,57,57,263,263,206,206,snapshot_2026_07_06.json,snapshot_2026_07_03.json
12,mod,simple-trains,Simple Trains,Bobby-047,Bobby-047,https://github.com/Bobby-047,55,55,2484,2484,2429,2429,snapshot_2026_07_06.json,snapshot_2026_07_03.json
13,mod,subwaybuilder-regions,Regions,ahkimn,Yukina-,https://subwaybuildermodded.com/credits,54,54,3055,3055,3001,3001,snapshot_2026_07_06.json,snapshot_2026_07_03.json
14,mod,scrollable-dropdowns,Scrollable Dropdowns,seanyushoumori,seanyushoumori,https://github.com/seanyushoumori,54,54,484,484,430,430,snapshot_2026_07_06.json,snapshot_2026_07_03.json
15,mod,transit-overlay,Transit Overlay,BarKuperman,BarKuperman,https://github.com/BarKuperman,53,53,2209,2209,2156,2156,snapshot_2026_07_06.json,snapshot_2026_07_03.json
16,mod,tod,Transit-Oriented Development[beta],hsullivan1201,hsullivan1201,https://github.com/hsullivan1201,52,52,1831,1831,1779,1779,snapshot_2026_07_06.json,snapshot_2026_07_03.json
17,map,tel-aviv,Tel Aviv,BarKuperman,BarKuperman,https://github.com/BarKuperman,50,50,492,492,442,442,snapshot_2026_07_06.json,snapshot_2026_07_03.json
18,mod,any-money,anyMoney,nzh0172,naz,https://github.com/nzh0172,49,49,1610,1610,1561,1561,snapshot_2026_07_06.json,snapshot_2026_07_03.json
19,mod,network-status,Network Status,Valdotorium,Valdotorium,https://github.com/Valdotorium,41,41,1469,1469,1428,1428,snapshot_2026_07_06.json,snapshot_2026_07_03.json
20,mod,japanese-trains,Japanese Trains,kaicardenas0618,kaicardenas0618,https://github.com/kaicardenas0618,38,38,315,315,277,277,snapshot_2026_07_06.json,snapshot_2026_07_03.json
21,mod,game-speedup,Game SpeedUp,Valdotorium,Valdotorium,https://github.com/Valdotorium,36,36,1020,1020,984,984,snapshot_2026_07_06.json,snapshot_2026_07_03.json
22,mod,lrt-trains,LRT Trains,kaicardenas0618,kaicardenas0618,https://github.com/kaicardenas0618,34,34,457,457,423,423,snapshot_2026_07_06.json,snapshot_2026_07_03.json
23,mod,track-anarchy,Track Anarchy,seanyushoumori,seanyushoumori,https://github.com/seanyushoumori,33,33,459,459,426,426,snapshot_2026_07_06.json,snapshot_2026_07_03.json
24,map,mfn-hong-kong,Hong Kong,crumpetime,muffintime,https://github.com/crumpetime,32,32,1807,1807,1775,1775,snapshot_2026_07_06.json,snapshot_2026_07_03.json
25,mod,mode-manager,Mode Manager,Mpfk,Mpfk,https://github.com/Mpfk,32,32,1178,1178,1146,1146,snapshot_2026_07_06.json,snapshot_2026_07_03.json
26,mod,station-dots,Station Dots,nzh0172,naz,https://github.com/nzh0172,28,28,1312,1312,1284,1284,snapshot_2026_07_06.json,snapshot_2026_07_03.json
27,map,bucharest-medium,Bucharest,metatablestudios,metatablestudios,https://github.com/metatablestudios,27,27,256,256,229,229,snapshot_2026_07_06.json,snapshot_2026_07_03.json
28,mod,danield1909-dantrains,"danTrains (v1.* ""Phoenix"")",DanielD1909,DanielD1909,https://github.com/DanielD1909,23,23,2042,2042,2019,2019,snapshot_2026_07_06.json,snapshot_2026_07_03.json
29,map,yukina-lv-daugavpils,Daugavpils,ahkimn,Yukina-,https://subwaybuildermodded.com/credits,22,22,22,22,0,0,snapshot_2026_07_06.json,snapshot_2026_07_03.json
30,mod,valdotoriums-trains,Valdotoriums S-Bahn and Trams,Valdotorium,Valdotorium,https://github.com/Valdotorium,21,21,1850,1850,1829,1829,snapshot_2026_07_06.json,snapshot_2026_07_03.json
31,map,toronto,Toronto,devenperez,devenperez,https://github.com/devenperez,20,20,2008,2008,1988,1988,snapshot_2026_07_06.json,snapshot_2026_07_03.json
32,map,seoul-3,Seoul (30km×30km),kimth9,kimth9,https://github.com/kimth9,20,20,1001,1001,981,981,snapshot_2026_07_06.json,snapshot_2026_07_03.json
33,map,yukina-cz-praha,Praha,ahkimn,Yukina-,https://subwaybuildermodded.com/credits,19,19,1139,1139,1120,1120,snapshot_2026_07_06.json,snapshot_2026_07_03.json
34,map,seoul-4,Seoul (40km×40km),kimth9,kimth9,https://github.com/kimth9,18,18,1985,1985,1967,1967,snapshot_2026_07_06.json,snapshot_2026_07_03.json
35,map,tampa-bay,Tampa Bay,rslurry,slurry,https://github.com/rslurry,17,17,549,549,532,532,snapshot_2026_07_06.json,snapshot_2026_07_03.json
36,map,yukina-pl-warszawa,Warszawa,ahkimn,Yukina-,https://subwaybuildermodded.com/credits,17,17,522,522,505,505,snapshot_2026_07_06.json,snapshot_2026_07_03.json
37,map,sydney,Sydney,WillBarouch,WillBarouch,https://github.com/WillBarouch,16,16,1054,1054,1038,1038,snapshot_2026_07_06.json,snapshot_2026_07_03.json
38,map,yukina-tw-taipei,臺北 (Taipei),ahkimn,Yukina-,https://subwaybuildermodded.com/credits,16,16,914,914,898,898,snapshot_2026_07_06.json,snapshot_2026_07_03.json
39,map,yukina-osaka,大阪 (Ōsaka),ahkimn,Yukina-,https://subwaybuildermodded.com/credits,15,15,1568,1568,1553,1553,snapshot_2026_07_06.json,snapshot_2026_07_03.json
40,map,greater-los-angeles,Greater Los Angeles,rslurry,slurry,https://github.com/rslurry,14,14,2884,2884,2870,2870,snapshot_2026_07_06.json,snapshot_2026_07_03.json
41,map,berlin-val,Berlin,Valdotorium,Valdotorium,https://github.com/Valdotorium,14,14,1345,1345,1331,1331,snapshot_2026_07_06.json,snapshot_2026_07_03.json
42,map,yukina-lv-liepaja,Liepāja,ahkimn,Yukina-,https://subwaybuildermodded.com/credits,14,14,14,14,0,0,snapshot_2026_07_06.json,snapshot_2026_07_03.json
43,map,ciudad-de-mexico,Ciudad de México,rslurry,slurry,https://github.com/rslurry,13,13,1393,1393,1380,1380,snapshot_2026_07_06.json,snapshot_2026_07_03.json
44,map,yukina-cz-brno,Brno,ahkimn,Yukina-,https://subwaybuildermodded.com/credits,13,13,322,322,309,309,snapshot_2026_07_06.json,snapshot_2026_07_03.json
45,map,montreal,Montreal,devenperez,devenperez,https://github.com/devenperez,12,12,1358,1358,1346,1346,snapshot_2026_07_06.json,snapshot_2026_07_03.json
46,map,vancouver,Vancouver,devenperez,devenperez,https://github.com/devenperez,12,12,1158,1158,1146,1146,snapshot_2026_07_06.json,snapshot_2026_07_03.json
47,mod,satellite-overlay,Satellite Overlay,TransitCore,TransitCore,https://github.com/TransitCore,12,12,538,538,526,526,snapshot_2026_07_06.json,snapshot_2026_07_03.json
48,map,glasgow-edinburgh,Glasgow-Edinburgh,Kronifer,Kronifer,https://github.com/Kronifer,11,11,963,963,952,952,snapshot_2026_07_06.json,snapshot_2026_07_03.json
49,map,busan-3,Busan (30km×30km),kimth9,kimth9,https://github.com/kimth9,11,11,420,420,409,409,snapshot_2026_07_06.json,snapshot_2026_07_03.json
50,map,zurich,Zurich,Kronifer,Kronifer,https://github.com/Kronifer,10,10,1209,1209,1199,1199,snapshot_2026_07_06.json,snapshot_2026_07_03.json
51,mod,chinese-trains,Chinese Trains,kaicardenas0618,kaicardenas0618,https://github.com/kaicardenas0618,10,10,330,330,320,320,snapshot_2026_07_06.json,snapshot_2026_07_03.json
52,map,barcelona,Barcelona,Maximilian284,max02,https://github.com/Maximilian284,9,9,1121,1121,1112,1112,snapshot_2026_07_06.json,snapshot_2026_07_03.json
53,map,amsterdam,Amsterdam,ryandicicco,ryandicicco,https://github.com/ryandicicco,9,9,996,996,987,987,snapshot_2026_07_06.json,snapshot_2026_07_03.json
54,map,madrid,Madrid,Maximilian284,max02,https://github.com/Maximilian284,9,9,945,945,936,936,snapshot_2026_07_06.json,snapshot_2026_07_03.json
55,map,rome,Rome,Maximilian284,max02,https://github.com/Maximilian284,9,9,595,595,586,586,snapshot_2026_07_06.json,snapshot_2026_07_03.json
56,map,oslo-no,Oslo,rslurry,slurry,https://github.com/rslurry,9,9,346,346,337,337,snapshot_2026_07_06.json,snapshot_2026_07_03.json
57,map,busan-4,Busan (40km×40km),kimth9,kimth9,https://github.com/kimth9,8,8,864,864,856,856,snapshot_2026_07_06.json,snapshot_2026_07_03.json
58,map,helsinki,Helsinki,rslurry,slurry,https://github.com/rslurry,8,8,729,729,721,721,snapshot_2026_07_06.json,snapshot_2026_07_03.json
59,map,milan,Milan,Maximilian284,max02,https://github.com/Maximilian284,8,8,617,617,609,609,snapshot_2026_07_06.json,snapshot_2026_07_03.json
60,map,yukina-pl-krakow,Kraków,ahkimn,Yukina-,https://subwaybuildermodded.com/credits,8,8,456,456,448,448,snapshot_2026_07_06.json,snapshot_2026_07_03.json
61,map,lima,Lima,kaicardenas0618,kaicardenas0618,https://github.com/kaicardenas0618,8,8,285,285,277,277,snapshot_2026_07_06.json,snapshot_2026_07_03.json
62,map,mfn-msy,New Orleans,crumpetime,muffintime,https://github.com/crumpetime,8,8,111,111,103,103,snapshot_2026_07_06.json,snapshot_2026_07_03.json
63,map,shanghai,Shanghai,Kronifer,Kronifer,https://github.com/Kronifer,7,7,746,746,739,739,snapshot_2026_07_06.json,snapshot_2026_07_03.json
64,map,monterrey,Monterrey,rslurry,slurry,https://github.com/rslurry,7,7,574,574,567,567,snapshot_2026_07_06.json,snapshot_2026_07_03.json
65,map,dublin,Dublin,Kronifer,Kronifer,https://github.com/Kronifer,7,7,545,545,538,538,snapshot_2026_07_06.json,snapshot_2026_07_03.json
66,map,greater-newyork,Greater NYC,chasemanning040911-afk,lechicken,https://github.com/chasemanning040911-afk,7,7,355,355,348,348,snapshot_2026_07_06.json,snapshot_2026_07_03.json
67,map,yukina-kyoto,京都 (Kyōto),ahkimn,Yukina-,https://subwaybuildermodded.com/credits,6,6,940,940,934,934,snapshot_2026_07_06.json,snapshot_2026_07_03.json
68,map,singapore-val,Singapore,Valdotorium,Valdotorium,https://github.com/Valdotorium,6,6,921,921,915,915,snapshot_2026_07_06.json,snapshot_2026_07_03.json
69,mod,cinematic-camera,Cinematic Camera,TransitCore,TransitCore,https://github.com/TransitCore,6,6,504,504,498,498,snapshot_2026_07_06.json,snapshot_2026_07_03.json
70,map,yukina-pl-gdansk,Gdańsk,ahkimn,Yukina-,https://subwaybuildermodded.com/credits,6,6,335,335,329,329,snapshot_2026_07_06.json,snapshot_2026_07_03.json
71,map,bangkok,Bangkok,nzh0172,naz,https://github.com/nzh0172,6,6,333,333,327,327,snapshot_2026_07_06.json,snapshot_2026_07_03.json
72,map,valencia,Valencia,Maximilian284,max02,https://github.com/Maximilian284,6,6,317,317,311,311,snapshot_2026_07_06.json,snapshot_2026_07_03.json
73,map,daytonatti,Daytonatti,soccerjonj,soccerjonj,https://github.com/soccerjonj,6,6,309,309,303,303,snapshot_2026_07_06.json,snapshot_2026_07_03.json
74,map,beijing,Beijing,Kronifer,Kronifer,https://github.com/Kronifer,6,6,258,258,252,252,snapshot_2026_07_06.json,snapshot_2026_07_03.json
75,map,yukina-pl-wroclaw,Wrocław,ahkimn,Yukina-,https://subwaybuildermodded.com/credits,6,6,219,219,213,213,snapshot_2026_07_06.json,snapshot_2026_07_03.json
76,map,yukina-northern-kyushu,福北 (Fukuoka & Kitakyūshū),ahkimn,Yukina-,https://subwaybuildermodded.com/credits,6,6,207,207,201,201,snapshot_2026_07_06.json,snapshot_2026_07_03.json
77,map,yukina-ee-tallinn,Tallinn,ahkimn,Yukina-,https://subwaybuildermodded.com/credits,6,6,127,127,121,121,snapshot_2026_07_06.json,snapshot_2026_07_03.json
78,map,los-angeles-county,Los Angeles County,rslurry,slurry,https://github.com/rslurry,5,5,1182,1182,1177,1177,snapshot_2026_07_06.json,snapshot_2026_07_03.json
79,map,yukina-fukuoka,福岡 (Fukuoka),ahkimn,Yukina-,https://subwaybuildermodded.com/credits,5,5,618,618,613,613,snapshot_2026_07_06.json,snapshot_2026_07_03.json
80,map,ottawa,Ottawa,devenperez,devenperez,https://github.com/devenperez,5,5,512,512,507,507,snapshot_2026_07_06.json,snapshot_2026_07_03.json
81,map,baltimore-dc-corridor,Baltimore-DC Corridor,rslurry,slurry,https://github.com/rslurry,5,5,490,490,485,485,snapshot_2026_07_06.json,snapshot_2026_07_03.json
82,map,warsaw-val,Warsaw,Valdotorium,Valdotorium,https://github.com/Valdotorium,5,5,413,413,408,408,snapshot_2026_07_06.json,snapshot_2026_07_03.json
83,map,dubai,Dubai,ryandicicco,ryandicicco,https://github.com/ryandicicco,5,5,276,276,271,271,snapshot_2026_07_06.json,snapshot_2026_07_03.json
84,map,tijuana-san-diego,Tijuana-San Diego,rslurry,slurry,https://github.com/rslurry,5,5,269,269,264,264,snapshot_2026_07_06.json,snapshot_2026_07_03.json
85,map,turin,Turin,Maximilian284,max02,https://github.com/Maximilian284,5,5,170,170,165,165,snapshot_2026_07_06.json,snapshot_2026_07_03.json
86,map,bergen-stavanger-no,Bergen-Stavanger,rslurry,slurry,https://github.com/rslurry,5,5,103,103,98,98,snapshot_2026_07_06.json,snapshot_2026_07_03.json
87,map,yukina-cz-hradec-pardubice,Hradec Králové - Pardubice,ahkimn,Yukina-,https://subwaybuildermodded.com/credits,5,5,99,99,94,94,snapshot_2026_07_06.json,snapshot_2026_07_03.json
88,map,charleston-huntington-wv,Charleston-Huntington,PSWBSF,Potato Spaghetti Water Balloon Space Federation,https://youtu.be/dQw4w9WgXcQ?t=0,4,4,743,743,739,739,snapshot_2026_07_06.json,snapshot_2026_07_03.json
89,map,guangzhou,Guangzhou,Kronifer,Kronifer,https://github.com/Kronifer,4,4,662,662,658,658,snapshot_2026_07_06.json,snapshot_2026_07_03.json
90,map,incheon-4,Incheon (40km×40km),kimth9,kimth9,https://github.com/kimth9,4,4,609,609,605,605,snapshot_2026_07_06.json,snapshot_2026_07_03.json
91,map,guadalajara,Guadalajara,rslurry,slurry,https://github.com/rslurry,4,4,509,509,505,505,snapshot_2026_07_06.json,snapshot_2026_07_03.json
92,map,shenzhen,Shenzhen,Kronifer,Kronifer,https://github.com/Kronifer,4,4,424,424,420,420,snapshot_2026_07_06.json,snapshot_2026_07_03.json
93,map,puerto-rico,Puerto Rico,rslurry,slurry,https://github.com/rslurry,4,4,419,419,415,415,snapshot_2026_07_06.json,snapshot_2026_07_03.json
94,map,quebec-city,Quebec City,devenperez,devenperez,https://github.com/devenperez,4,4,392,392,388,388,snapshot_2026_07_06.json,snapshot_2026_07_03.json
95,map,bilbao,Bilbao,Maximilian284,max02,https://github.com/Maximilian284,4,4,325,325,321,321,snapshot_2026_07_06.json,snapshot_2026_07_03.json
96,map,opo-pt-metropolitan,"Porto, Portugal",bquelhas,bquelhas,https://github.com/bquelhas,4,4,248,248,244,244,snapshot_2026_07_06.json,snapshot_2026_07_03.json
97,map,florence,Florence,Maximilian284,max02,https://github.com/Maximilian284,4,4,169,169,165,165,snapshot_2026_07_06.json,snapshot_2026_07_03.json
98,map,yukina-bydgoszcz-torun,Bydgoszcz - Toruń,ahkimn,Yukina-,https://subwaybuildermodded.com/credits,4,4,142,142,138,138,snapshot_2026_07_06.json,snapshot_2026_07_03.json
99,mod,copy-paste,Copy Paste,seanyushoumori,seanyushoumori,https://github.com/seanyushoumori,4,4,63,63,59,59,snapshot_2026_07_06.json,snapshot_2026_07_03.json
100,map,yukina-nagoya,名古屋 (Nagoya),ahkimn,Yukina-,https://subwaybuildermodded.com/credits,3,3,495,495,492,492,snapshot_2026_07_06.json,snapshot_2026_07_03.json
101,map,yukina-sapporo-chitose,札幌 (Sapporo),ahkimn,Yukina-,https://subwaybuildermodded.com/credits,3,3,489,489,486,486,snapshot_2026_07_06.json,snapshot_2026_07_03.json
102,map,calgary,Calgary,devenperez,devenperez,https://github.com/devenperez,3,3,458,458,455,455,snapshot_2026_07_06.json,snapshot_2026_07_03.json
103,map,mfn-lasvegas,Las Vegas,crumpetime,muffintime,https://github.com/crumpetime,3,3,444,444,441,441,snapshot_2026_07_06.json,snapshot_2026_07_03.json
104,mod,kr-ktp,Korean Transit Pack,kimth9,kimth9,https://github.com/kimth9,3,3,314,314,311,311,snapshot_2026_07_06.json,snapshot_2026_07_03.json
105,map,naples,Naples,Maximilian284,max02,https://github.com/Maximilian284,3,3,243,243,240,240,snapshot_2026_07_06.json,snapshot_2026_07_03.json
106,map,yukina-tw-taichung,臺中 (Taichung),ahkimn,Yukina-,https://subwaybuildermodded.com/credits,3,3,230,230,227,227,snapshot_2026_07_06.json,snapshot_2026_07_03.json
107,map,rhode-island,Rhode Island,rslurry,slurry,https://github.com/rslurry,3,3,213,213,210,210,snapshot_2026_07_06.json,snapshot_2026_07_03.json
108,map,yukina-pl-katowice-gzm,Katowice - GZM,ahkimn,Yukina-,https://subwaybuildermodded.com/credits,3,3,192,192,189,189,snapshot_2026_07_06.json,snapshot_2026_07_03.json
109,map,yukina-cz-ostrava,Ostrava,ahkimn,Yukina-,https://subwaybuildermodded.com/credits,3,3,191,191,188,188,snapshot_2026_07_06.json,snapshot_2026_07_03.json
110,map,genoa,Genoa,Maximilian284,max02,https://github.com/Maximilian284,3,3,163,163,160,160,snapshot_2026_07_06.json,snapshot_2026_07_03.json
111,map,yukina-pl-lodz,Łódź,ahkimn,Yukina-,https://subwaybuildermodded.com/credits,3,3,159,159,156,156,snapshot_2026_07_06.json,snapshot_2026_07_03.json
112,mod,tathan-casino,TATHAN Casino,TathanDev,TathanDev,https://github.com/TathanDev,3,3,156,156,153,153,snapshot_2026_07_06.json,snapshot_2026_07_03.json
113,map,pianura-veneta,Pianura Veneta,Maximilian284,max02,https://github.com/Maximilian284,3,3,136,136,133,133,snapshot_2026_07_06.json,snapshot_2026_07_03.json
114,map,yukina-cz-plzen,Plzeň,ahkimn,Yukina-,https://subwaybuildermodded.com/credits,3,3,135,135,132,132,snapshot_2026_07_06.json,snapshot_2026_07_03.json
115,map,tromso-no,Tromsø,rslurry,slurry,https://github.com/rslurry,3,3,93,93,90,90,snapshot_2026_07_06.json,snapshot_2026_07_03.json
116,map,daejeon-3,Daejeon (30km×30km),kimth9,kimth9,https://github.com/kimth9,3,3,71,71,68,68,snapshot_2026_07_06.json,snapshot_2026_07_03.json
117,map,rotterdam-the-hague,Rotterdam-The Hague,ryandicicco,ryandicicco,https://github.com/ryandicicco,2,2,485,485,483,483,snapshot_2026_07_06.json,snapshot_2026_07_03.json
118,map,winnipeg,Winnipeg,devenperez,devenperez,https://github.com/devenperez,2,2,318,318,316,316,snapshot_2026_07_06.json,snapshot_2026_07_03.json
119,map,cairo,Cairo,ryandicicco,ryandicicco,https://github.com/ryandicicco,2,2,305,305,303,303,snapshot_2026_07_06.json,snapshot_2026_07_03.json
120,map,orlando,Orlando,rslurry,slurry,https://github.com/rslurry,2,2,267,267,265,265,snapshot_2026_07_06.json,snapshot_2026_07_03.json
121,map,sejong-4,Sejong (40km×40km),kimth9,kimth9,https://github.com/kimth9,2,2,203,203,201,201,snapshot_2026_07_06.json,snapshot_2026_07_03.json
122,map,trondheim-val,Trondheim,Valdotorium,Valdotorium,https://github.com/Valdotorium,2,2,199,199,197,197,snapshot_2026_07_06.json,snapshot_2026_07_03.json
123,map,albany,Albany,soccerjonj,soccerjonj,https://github.com/soccerjonj,2,2,183,183,181,181,snapshot_2026_07_06.json,snapshot_2026_07_03.json
124,map,anchorage-ak,Anchorage,PSWBSF,Potato Spaghetti Water Balloon Space Federation,https://youtu.be/dQw4w9WgXcQ?t=0,2,2,179,179,177,177,snapshot_2026_07_06.json,snapshot_2026_07_03.json
125,map,jeju-f,Jeju (Full Island),kimth9,kimth9,https://github.com/kimth9,2,2,158,158,156,156,snapshot_2026_07_06.json,snapshot_2026_07_03.json
126,map,cdmx-core,CDMX Core,rslurry,slurry,https://github.com/rslurry,2,2,145,145,143,143,snapshot_2026_07_06.json,snapshot_2026_07_03.json
127,map,connecticut-usa,Connecticut,PSWBSF,Potato Spaghetti Water Balloon Space Federation,https://youtu.be/dQw4w9WgXcQ?t=0,2,2,133,133,131,131,snapshot_2026_07_06.json,snapshot_2026_07_03.json
128,map,bologna,Bologna,Maximilian284,max02,https://github.com/Maximilian284,2,2,128,128,126,126,snapshot_2026_07_06.json,snapshot_2026_07_03.json
129,map,san-antonio,San Antonio,rslurry,slurry,https://github.com/rslurry,2,2,125,125,123,123,snapshot_2026_07_06.json,snapshot_2026_07_03.json
130,map,willamette-valley,"Willamette Valley, OR",Phineapoo,Phineapoo,https://github.com/Phineapoo,2,2,107,107,105,105,snapshot_2026_07_06.json,snapshot_2026_07_03.json
131,map,catania,Catania,Maximilian284,max02,https://github.com/Maximilian284,2,2,102,102,100,100,snapshot_2026_07_06.json,snapshot_2026_07_03.json
132,map,yukina-cz-olomouc,Olomouc,ahkimn,Yukina-,https://subwaybuildermodded.com/credits,2,2,101,101,99,99,snapshot_2026_07_06.json,snapshot_2026_07_03.json
133,map,yukina-tw-hsinchu,新竹 (Hsinchu),ahkimn,Yukina-,https://subwaybuildermodded.com/credits,2,2,95,95,93,93,snapshot_2026_07_06.json,snapshot_2026_07_03.json
134,map,yukina-cz-ceske-budejovice,České Budějovice,ahkimn,Yukina-,https://subwaybuildermodded.com/credits,2,2,43,43,41,41,snapshot_2026_07_06.json,snapshot_2026_07_03.json
135,map,kristiansand-no,Kristiansand,rslurry,slurry,https://github.com/rslurry,2,2,32,32,30,30,snapshot_2026_07_06.json,snapshot_2026_07_03.json
136,map,yukina-okinawa,沖縄 (Okinawa),ahkimn,Yukina-,https://subwaybuildermodded.com/credits,1,1,421,421,420,420,snapshot_2026_07_06.json,snapshot_2026_07_03.json
137,map,edmonton,Edmonton,devenperez,devenperez,https://github.com/devenperez,1,1,394,394,393,393,snapshot_2026_07_06.json,snapshot_2026_07_03.json
138,map,yukina-hiroshima-kure,広島 (Hiroshima),ahkimn,Yukina-,https://subwaybuildermodded.com/credits,1,1,382,382,381,381,snapshot_2026_07_06.json,snapshot_2026_07_03.json
139,map,greater-kuala-lumpur,Greater Kuala Lumpur,nzh0172,naz,https://github.com/nzh0172,1,1,313,313,312,312,snapshot_2026_07_06.json,snapshot_2026_07_03.json
140,map,mfn-madisonwi,Madison,crumpetime,muffintime,https://github.com/crumpetime,1,1,305,305,304,304,snapshot_2026_07_06.json,snapshot_2026_07_03.json
141,map,south-florida,South Florida,kaicardenas0618,kaicardenas0618,https://github.com/kaicardenas0618,1,1,262,262,261,261,snapshot_2026_07_06.json,snapshot_2026_07_03.json
142,map,yukina-kitakyushu-shimonoseki,北九州 (Kitakyūshū),ahkimn,Yukina-,https://subwaybuildermodded.com/credits,1,1,261,261,260,260,snapshot_2026_07_06.json,snapshot_2026_07_03.json
143,map,greatertwincities,Greater Twin Cities,DanielD1909,DanielD1909,https://github.com/DanielD1909,1,1,244,244,243,243,snapshot_2026_07_06.json,snapshot_2026_07_03.json
144,map,yukina-tw-kaohsiung,高雄 (Kaohsiung),ahkimn,Yukina-,https://subwaybuildermodded.com/credits,1,1,234,234,233,233,snapshot_2026_07_06.json,snapshot_2026_07_03.json
145,map,jerusalem,Jerusalem,BarKuperman,BarKuperman,https://github.com/BarKuperman,1,1,227,227,226,226,snapshot_2026_07_06.json,snapshot_2026_07_03.json
146,map,yukina-sendai,仙台 (Sendai),ahkimn,Yukina-,https://subwaybuildermodded.com/credits,1,1,210,210,209,209,snapshot_2026_07_06.json,snapshot_2026_07_03.json
147,map,providence,Providence,soccerjonj,soccerjonj,https://github.com/soccerjonj,1,1,193,193,192,192,snapshot_2026_07_06.json,snapshot_2026_07_03.json
148,map,sacramento,Sacramento,soccerjonj,soccerjonj,https://github.com/soccerjonj,1,1,187,187,186,186,snapshot_2026_07_06.json,snapshot_2026_07_03.json
149,map,ulsan-4,Ulsan (40km×40km),kimth9,kimth9,https://github.com/kimth9,1,1,184,184,183,183,snapshot_2026_07_06.json,snapshot_2026_07_03.json
150,map,daegu-3,Daegu (30km×30km),kimth9,kimth9,https://github.com/kimth9,1,1,183,183,182,182,snapshot_2026_07_06.json,snapshot_2026_07_03.json
151,map,jeju-3,Jeju (30km×30km),kimth9,kimth9,https://github.com/kimth9,1,1,180,180,179,179,snapshot_2026_07_06.json,snapshot_2026_07_03.json
152,map,incheon-3,Incheon (30km×30km),kimth9,kimth9,https://github.com/kimth9,1,1,179,179,178,178,snapshot_2026_07_06.json,snapshot_2026_07_03.json
153,map,san-juan,San Juan,rslurry,slurry,https://github.com/rslurry,1,1,178,178,177,177,snapshot_2026_07_06.json,snapshot_2026_07_03.json
154,map,yukina-hakodate,函館 (Hakodate),ahkimn,Yukina-,https://subwaybuildermodded.com/credits,1,1,173,173,172,172,snapshot_2026_07_06.json,snapshot_2026_07_03.json
155,map,nashville,Nashville,soccerjonj,soccerjonj,https://github.com/soccerjonj,1,1,172,172,171,171,snapshot_2026_07_06.json,snapshot_2026_07_03.json
156,map,oklahoma-city,Oklahoma City,ryandicicco,ryandicicco,https://github.com/ryandicicco,1,1,162,162,161,161,snapshot_2026_07_06.json,snapshot_2026_07_03.json
157,map,waterloo,Region of Waterloo,Kronifer,Kronifer,https://github.com/Kronifer,1,1,160,160,159,159,snapshot_2026_07_06.json,snapshot_2026_07_03.json
158,map,orange-county,Orange County,rslurry,slurry,https://github.com/rslurry,1,1,154,154,153,153,snapshot_2026_07_06.json,snapshot_2026_07_03.json
159,map,sejong-3,Sejong (30km×30km),kimth9,kimth9,https://github.com/kimth9,1,1,144,144,143,143,snapshot_2026_07_06.json,snapshot_2026_07_03.json
160,map,pyongyang-nk,Pyongyang,PSWBSF,Potato Spaghetti Water Balloon Space Federation,https://youtu.be/dQw4w9WgXcQ?t=0,1,1,143,143,142,142,snapshot_2026_07_06.json,snapshot_2026_07_03.json
161,map,mfn-hamptonroads,Norfolk,crumpetime,muffintime,https://github.com/crumpetime,1,1,142,142,141,141,snapshot_2026_07_06.json,snapshot_2026_07_03.json
162,map,buffalo-ny,Buffalo,PSWBSF,Potato Spaghetti Water Balloon Space Federation,https://youtu.be/dQw4w9WgXcQ?t=0,1,1,140,140,139,139,snapshot_2026_07_06.json,snapshot_2026_07_03.json
163,map,ciudad-juarez-el-paso,Ciudad Juárez-El Paso,rslurry,slurry,https://github.com/rslurry,1,1,138,138,137,137,snapshot_2026_07_06.json,snapshot_2026_07_03.json
164,map,yukina-tw-tainan,臺南 (Tainan),ahkimn,Yukina-,https://subwaybuildermodded.com/credits,1,1,138,138,137,137,snapshot_2026_07_06.json,snapshot_2026_07_03.json
165,map,greater-portland,Greater Portland,rslurry,slurry,https://github.com/rslurry,1,1,137,137,136,136,snapshot_2026_07_06.json,snapshot_2026_07_03.json
166,map,santa-barbara,Santa Barbara,rslurry,slurry,https://github.com/rslurry,1,1,133,133,132,132,snapshot_2026_07_06.json,snapshot_2026_07_03.json
167,map,rochester,Rochester,rslurry,slurry,https://github.com/rslurry,1,1,132,132,131,131,snapshot_2026_07_06.json,snapshot_2026_07_03.json
168,map,bari,Bari,Maximilian284,max02,https://github.com/Maximilian284,1,1,121,121,120,120,snapshot_2026_07_06.json,snapshot_2026_07_03.json
169,map,yukina-pl-poznan,Poznań,ahkimn,Yukina-,https://subwaybuildermodded.com/credits,1,1,113,113,112,112,snapshot_2026_07_06.json,snapshot_2026_07_03.json
170,map,yukina-cz-ustecko-chomutov,Ústí nad Labem - Chomutov,ahkimn,Yukina-,https://subwaybuildermodded.com/credits,1,1,111,111,110,110,snapshot_2026_07_06.json,snapshot_2026_07_03.json
171,map,piedmont-triad,Piedmont Triad,PSWBSF,Potato Spaghetti Water Balloon Space Federation,https://youtu.be/dQw4w9WgXcQ?t=0,1,1,101,101,100,100,snapshot_2026_07_06.json,snapshot_2026_07_03.json
172,map,charleston-sc,"Charleston, SC",PSWBSF,Potato Spaghetti Water Balloon Space Federation,https://youtu.be/dQw4w9WgXcQ?t=0,1,1,99,99,98,98,snapshot_2026_07_06.json,snapshot_2026_07_03.json
173,map,palermo,Palermo,Maximilian284,max02,https://github.com/Maximilian284,1,1,98,98,97,97,snapshot_2026_07_06.json,snapshot_2026_07_03.json
174,map,wilmington-nc,"Wilmington, NC",PSWBSF,Potato Spaghetti Water Balloon Space Federation,https://youtu.be/dQw4w9WgXcQ?t=0,1,1,90,90,89,89,snapshot_2026_07_06.json,snapshot_2026_07_03.json
175,map,trondheim-no,Trondheim,rslurry,slurry,https://github.com/rslurry,1,1,81,81,80,80,snapshot_2026_07_06.json,snapshot_2026_07_03.json
176,map,yukina-pl-szczecin,Szczecin,ahkimn,Yukina-,https://subwaybuildermodded.com/credits,1,1,80,80,79,79,snapshot_2026_07_06.json,snapshot_2026_07_03.json
177,map,ulsan-3,Ulsan (30km×30km),kimth9,kimth9,https://github.com/kimth9,1,1,79,79,78,78,snapshot_2026_07_06.json,snapshot_2026_07_03.json
178,map,yukina-tw-chiayi,嘉義 (Chiayi),ahkimn,Yukina-,https://subwaybuildermodded.com/credits,1,1,72,72,71,71,snapshot_2026_07_06.json,snapshot_2026_07_03.json
179,map,dayton-oh,Dayton,PSWBSF,Potato Spaghetti Water Balloon Space Federation,https://youtu.be/dQw4w9WgXcQ?t=0,1,1,71,71,70,70,snapshot_2026_07_06.json,snapshot_2026_07_03.json
180,map,gwangju-4,Gwangju (40km×40km),kimth9,kimth9,https://github.com/kimth9,1,1,71,71,70,70,snapshot_2026_07_06.json,snapshot_2026_07_03.json
181,map,yukina-pl-bialystok,Białystok,ahkimn,Yukina-,https://subwaybuildermodded.com/credits,1,1,70,70,69,69,snapshot_2026_07_06.json,snapshot_2026_07_03.json
182,map,pulau-pinang,Pulau Pinang,nzh0172,naz,https://github.com/nzh0172,1,1,63,63,62,62,snapshot_2026_07_06.json,snapshot_2026_07_03.json
183,map,riviera-romagnola,Riviera Romagnola,Maximilian284,max02,https://github.com/Maximilian284,1,1,60,60,59,59,snapshot_2026_07_06.json,snapshot_2026_07_03.json
184,map,yukina-pl-lublin,Lublin,ahkimn,Yukina-,https://subwaybuildermodded.com/credits,1,1,60,60,59,59,snapshot_2026_07_06.json,snapshot_2026_07_03.json
185,map,syracuse-ny,"Syracuse, NY",PSWBSF,Potato Spaghetti Water Balloon Space Federation,https://youtu.be/dQw4w9WgXcQ?t=0,1,1,54,54,53,53,snapshot_2026_07_06.json,snapshot_2026_07_03.json
186,map,yukina-pl-rzeszow,Rzeszów,ahkimn,Yukina-,https://subwaybuildermodded.com/credits,1,1,46,46,45,45,snapshot_2026_07_06.json,snapshot_2026_07_03.json
187,map,yukina-cz-liberec-jablonec,Liberec - Jablonec nad Nisou,ahkimn,Yukina-,https://subwaybuildermodded.com/credits,1,1,44,44,43,43,snapshot_2026_07_06.json,snapshot_2026_07_03.json
188,map,cusco,Cusco,kaicardenas0618,kaicardenas0618,https://github.com/kaicardenas0618,1,1,40,40,39,39,snapshot_2026_07_06.json,snapshot_2026_07_03.json
189,map,yukina-kumamoto,熊本 (Kumamoto),ahkimn,Yukina-,https://subwaybuildermodded.com/credits,1,1,38,38,37,37,snapshot_2026_07_06.json,snapshot_2026_07_03.json
190,map,arequipa,Arequipa,kaicardenas0618,kaicardenas0618,https://github.com/kaicardenas0618,1,1,34,34,33,33,snapshot_2026_07_06.json,snapshot_2026_07_03.json
191,map,johor-bahru,Johor Bahru,nzh0172,naz,https://github.com/nzh0172,1,1,31,31,30,30,snapshot_2026_07_06.json,snapshot_2026_07_03.json
192,map,yukina-cz-karlovy-vary,Karlovy Vary,ahkimn,Yukina-,https://subwaybuildermodded.com/credits,1,1,28,28,27,27,snapshot_2026_07_06.json,snapshot_2026_07_03.json
193,map,yukina-ee-parnu,Pärnu,ahkimn,Yukina-,https://subwaybuildermodded.com/credits,1,1,28,28,27,27,snapshot_2026_07_06.json,snapshot_2026_07_03.json
194,map,yukina-pl-kielce,Kielce,ahkimn,Yukina-,https://subwaybuildermodded.com/credits,1,1,21,21,20,20,snapshot_2026_07_06.json,snapshot_2026_07_03.json
195,map,trujillo,Trujillo,kaicardenas0618,kaicardenas0618,https://github.com/kaicardenas0618,1,1,19,19,18,18,snapshot_2026_07_06.json,snapshot_2026_07_03.json
196,map,yukina-pl-zielona-gora,Zielona Góra,ahkimn,Yukina-,https://subwaybuildermodded.com/credits,1,1,19,19,18,18,snapshot_2026_07_06.json,snapshot_2026_07_03.json
197,map,piura,Piura,kaicardenas0618,kaicardenas0618,https://github.com/kaicardenas0618,1,1,18,18,17,17,snapshot_2026_07_06.json,snapshot_2026_07_03.json
198,map,yukina-ee-tartu,Tartu,ahkimn,Yukina-,https://subwaybuildermodded.com/credits,1,1,17,17,16,16,snapshot_2026_07_06.json,snapshot_2026_07_03.json
199,map,yukina-pl-olsztyn,Olsztyn,ahkimn,Yukina-,https://subwaybuildermodded.com/credits,1,1,16,16,15,15,snapshot_2026_07_06.json,snapshot_2026_07_03.json
200,map,yukina-ee-ida-viru,Ida-Viru,ahkimn,Yukina-,https://subwaybuildermodded.com/credits,1,1,13,13,12,12,snapshot_2026_07_06.json,snapshot_2026_07_03.json
201,map,yukina-pl-radom,Radom,ahkimn,Yukina-,https://subwaybuildermodded.com/credits,1,1,13,13,12,12,snapshot_2026_07_06.json,snapshot_2026_07_03.json
202,map,yukina-pl-czestochowa,Częstochowa,ahkimn,Yukina-,https://subwaybuildermodded.com/credits,1,1,11,11,10,10,snapshot_2026_07_06.json,snapshot_2026_07_03.json
203,map,yukina-cz-jihlava,Jihlava,ahkimn,Yukina-,https://subwaybuildermodded.com/credits,1,1,9,9,8,8,snapshot_2026_07_06.json,snapshot_2026_07_03.json
204,map,yukina-cz-zlin,Zlín,ahkimn,Yukina-,https://subwaybuildermodded.com/credits,1,1,8,8,7,7,snapshot_2026_07_06.json,snapshot_2026_07_03.json
205,map,yukina-pl-opole,Opole,ahkimn,Yukina-,https://subwaybuildermodded.com/credits,1,1,7,7,6,6,snapshot_2026_07_06.json,snapshot_2026_07_03.json
206,map,yukina-pl-legnica,Legnica - LGOM,ahkimn,Yukina-,https://subwaybuildermodded.com/credits,1,1,6,6,5,5,snapshot_2026_07_06.json,snapshot_2026_07_03.json
207,map,yukina-kobe-akashi,神戸 (Kōbe),ahkimn,Yukina-,https://subwaybuildermodded.com/credits,0,0,266,266,266,266,snapshot_2026_07_06.json,snapshot_2026_07_03.json
208,map,spokane,Spokane,ryandicicco,ryandicicco,https://github.com/ryandicicco,0,0,181,181,181,181,snapshot_2026_07_06.json,snapshot_2026_07_03.json
209,map,yukina-matsuyama,松山 (Matsuyama),ahkimn,Yukina-,https://subwaybuildermodded.com/credits,0,0,170,170,170,170,snapshot_2026_07_06.json,snapshot_2026_07_03.json
210,map,yukina-kochi,高知 (Kōchi),ahkimn,Yukina-,https://subwaybuildermodded.com/credits,0,0,161,161,161,161,snapshot_2026_07_06.json,snapshot_2026_07_03.json
211,map,richmond,Richmond,rslurry,slurry,https://github.com/rslurry,0,0,157,157,157,157,snapshot_2026_07_06.json,snapshot_2026_07_03.json
212,map,puebla,Puebla,rslurry,slurry,https://github.com/rslurry,0,1,153,128,153,127,snapshot_2026_07_06.json,snapshot_2026_07_03.json
213,map,jacksonville,Jacksonville,rslurry,slurry,https://github.com/rslurry,0,0,152,152,152,152,snapshot_2026_07_06.json,snapshot_2026_07_03.json
214,map,yukina-kagoshima-kirishima,鹿児島 (Kagoshima),ahkimn,Yukina-,https://subwaybuildermodded.com/credits,0,0,141,141,141,141,snapshot_2026_07_06.json,snapshot_2026_07_03.json
215,map,colorado-ski-country,Colorado Ski Country,soccerjonj,soccerjonj,https://github.com/soccerjonj,0,0,140,140,140,140,snapshot_2026_07_06.json,snapshot_2026_07_03.json
216,map,yukina-niigata,新潟 (Niigata),ahkimn,Yukina-,https://subwaybuildermodded.com/credits,0,0,136,136,136,136,snapshot_2026_07_06.json,snapshot_2026_07_03.json
217,map,louisville,Louisville,soccerjonj,soccerjonj,https://github.com/soccerjonj,0,0,135,135,135,135,snapshot_2026_07_06.json,snapshot_2026_07_03.json
218,map,yukina-yamagata,山形 (Yamagata),ahkimn,Yukina-,https://subwaybuildermodded.com/credits,0,0,126,126,126,126,snapshot_2026_07_06.json,snapshot_2026_07_03.json
219,map,yukina-nagasaki,長崎 (Nagasaki),ahkimn,Yukina-,https://subwaybuildermodded.com/credits,0,0,125,125,125,125,snapshot_2026_07_06.json,snapshot_2026_07_03.json
220,map,greater-baltimore,Greater Baltimore,rslurry,slurry,https://github.com/rslurry,0,0,120,120,120,120,snapshot_2026_07_06.json,snapshot_2026_07_03.json
221,map,memphis,Memphis,rslurry,slurry,https://github.com/rslurry,0,0,119,119,119,119,snapshot_2026_07_06.json,snapshot_2026_07_03.json
222,map,mfn-northwestar,Northwest Arkansas,crumpetime,muffintime,https://github.com/crumpetime,0,0,110,110,110,110,snapshot_2026_07_06.json,snapshot_2026_07_03.json
223,map,garda-lake,Garda Lake,Maximilian284,max02,https://github.com/Maximilian284,0,0,109,109,109,109,snapshot_2026_07_06.json,snapshot_2026_07_03.json
224,map,daegu-4,Daegu (40km×40km),kimth9,kimth9,https://github.com/kimth9,0,0,106,106,106,106,snapshot_2026_07_06.json,snapshot_2026_07_03.json
225,map,yukina-nakaumi,中海 (Nakaumi),ahkimn,Yukina-,https://subwaybuildermodded.com/credits,0,0,93,93,93,93,snapshot_2026_07_06.json,snapshot_2026_07_03.json
226,map,mfn-rdu,Raleigh,crumpetime,muffintime,https://github.com/crumpetime,0,0,92,92,92,92,snapshot_2026_07_06.json,snapshot_2026_07_03.json
227,map,saltillo,Saltillo,rslurry,slurry,https://github.com/rslurry,0,0,91,77,91,77,snapshot_2026_07_06.json,snapshot_2026_07_03.json
228,map,yukina-toyama,富山 (Toyama),ahkimn,Yukina-,https://subwaybuildermodded.com/credits,0,0,81,81,81,81,snapshot_2026_07_06.json,snapshot_2026_07_03.json
229,map,daejeon-4,Daejeon (40km×40km),kimth9,kimth9,https://github.com/kimth9,0,0,75,75,75,75,snapshot_2026_07_06.json,snapshot_2026_07_03.json
230,map,yukina-shizuoka-hamamatsu,静岡・浜松 (Shizuoka/Hamamatsu),ahkimn,Yukina-,https://subwaybuildermodded.com/credits,0,0,75,75,75,75,snapshot_2026_07_06.json,snapshot_2026_07_03.json
231,map,yukina-asahikawa,旭川 (Asahikawa),ahkimn,Yukina-,https://subwaybuildermodded.com/credits,0,0,73,73,73,73,snapshot_2026_07_06.json,snapshot_2026_07_03.json
232,map,yukina-takamatsu,高松 (Takamatsu),ahkimn,Yukina-,https://subwaybuildermodded.com/credits,0,0,69,69,69,69,snapshot_2026_07_06.json,snapshot_2026_07_03.json
233,map,pianura-emiliana,Pianura Emiliana,Maximilian284,max02,https://github.com/Maximilian284,0,0,67,67,67,67,snapshot_2026_07_06.json,snapshot_2026_07_03.json
234,map,yukina-okayama,岡山 (Okayama),ahkimn,Yukina-,https://subwaybuildermodded.com/credits,0,0,64,64,64,64,snapshot_2026_07_06.json,snapshot_2026_07_03.json
235,map,yukina-tsugaru,津軽 (Tsugaru),ahkimn,Yukina-,https://subwaybuildermodded.com/credits,0,0,62,62,62,62,snapshot_2026_07_06.json,snapshot_2026_07_03.json
236,map,knoxville,Knoxville,rslurry,slurry,https://github.com/rslurry,0,0,60,51,60,51,snapshot_2026_07_06.json,snapshot_2026_07_03.json
237,map,tri-cities,Tri-Cities,ryandicicco,ryandicicco,https://github.com/ryandicicco,0,0,56,56,56,56,snapshot_2026_07_06.json,snapshot_2026_07_03.json
238,map,gwangju-3,Gwangju (30km×30km),kimth9,kimth9,https://github.com/kimth9,0,0,55,55,55,55,snapshot_2026_07_06.json,snapshot_2026_07_03.json
239,map,yukina-nakadoori,中通り (Nakadōri),ahkimn,Yukina-,https://subwaybuildermodded.com/credits,0,0,46,46,46,46,snapshot_2026_07_06.json,snapshot_2026_07_03.json
240,map,mexicali,Mexicali-Imperial Valley-Yuma,rslurry,slurry,https://github.com/rslurry,0,0,44,44,44,44,snapshot_2026_07_06.json,snapshot_2026_07_03.json
241,map,toledo-oh,Toledo,bean1322,bean1322,https://github.com/bean1322,0,0,44,44,44,44,snapshot_2026_07_06.json,snapshot_2026_07_03.json
242,map,akron-oh,"Akron, OH",bean1322,bean1322,https://github.com/bean1322,0,0,42,42,42,42,snapshot_2026_07_06.json,snapshot_2026_07_03.json
243,map,jeju-4,Jeju (40km×40km),kimth9,kimth9,https://github.com/kimth9,0,0,28,28,28,28,snapshot_2026_07_06.json,snapshot_2026_07_03.json
244,map,yukina-morioka,盛岡 (Morioka),ahkimn,Yukina-,https://subwaybuildermodded.com/credits,0,0,25,25,25,25,snapshot_2026_07_06.json,snapshot_2026_07_03.json
245,map,ipoh,Ipoh,nzh0172,naz,https://github.com/nzh0172,0,0,23,23,23,23,snapshot_2026_07_06.json,snapshot_2026_07_03.json
246,map,chiclayo,Chiclayo,kaicardenas0618,kaicardenas0618,https://github.com/kaicardenas0618,0,0,19,19,19,19,snapshot_2026_07_06.json,snapshot_2026_07_03.json
247,map,chimbote,Chimbote,kaicardenas0618,kaicardenas0618,https://github.com/kaicardenas0618,0,0,18,18,18,18,snapshot_2026_07_06.json,snapshot_2026_07_03.json
248,map,yukina-tottori,鳥取 (Tottori),ahkimn,Yukina-,https://subwaybuildermodded.com/credits,0,0,18,18,18,18,snapshot_2026_07_06.json,snapshot_2026_07_03.json
249,map,iquitos,Iquitos,kaicardenas0618,kaicardenas0618,https://github.com/kaicardenas0618,0,0,17,17,17,17,snapshot_2026_07_06.json,snapshot_2026_07_03.json
250,map,huancayo-jauja,Huancayo/Jauja,kaicardenas0618,kaicardenas0618,https://github.com/kaicardenas0618,0,0,15,15,15,15,snapshot_2026_07_06.json,snapshot_2026_07_03.json
