rank,project_key,project_name,author,author_alias,attribution_link,listing_count,total_downloads,adjusted_total_downloads,latest_snapshot
1,rslurry/subwaybuilder-maps,subwaybuilder-maps,rslurry,slurry,https://github.com/rslurry,33,12171,12123,snapshot_2026_07_06.json
2,stefanorigano/advanced_analytics,advanced_analytics,stefanorigano,Steno,https://github.com/stefanorigano,1,8348,8348,snapshot_2026_07_06.json
3,ahkimn/subwaybuilder-jp-maps,subwaybuilder-jp-maps,ahkimn,Yukina-,https://subwaybuildermodded.com/credits,29,7533,7533,snapshot_2026_07_06.json
4,devenperez/subway-builder-canadian-maps,subway-builder-canadian-maps,devenperez,devenperez,https://github.com/devenperez,8,6598,6598,snapshot_2026_07_06.json
5,kimth9/sb_korean_map_pack,sb_korean_map_pack,kimth9,kimth9,https://github.com/kimth9,19,6595,6595,snapshot_2026_07_06.json
6,ahkimn/subwaybuilder-eu-maps,subwaybuilder-eu-maps,ahkimn,Yukina-,https://subwaybuildermodded.com/credits,38,5013,5013,snapshot_2026_07_06.json
7,crumpetime/subway_builder_distance_circles,subway_builder_distance_circles,crumpetime,muffintime,https://github.com/crumpetime,1,3512,3512,snapshot_2026_07_06.json
8,ahkimn/subwaybuilder-regions,subwaybuilder-regions,ahkimn,Yukina-,https://subwaybuildermodded.com/credits,1,3055,3055,snapshot_2026_07_06.json
9,valdotorium/railyard-maps-2,Railyard-Maps-2,Valdotorium,Valdotorium,https://github.com/Valdotorium,4,2878,2878,snapshot_2026_07_06.json
10,maximilian284/subwaybuilder-it-maps,subwaybuilder-it-maps,Maximilian284,max02,https://github.com/Maximilian284,14,2778,2778,snapshot_2026_07_06.json
11,maximilian284/subwaybuilder-es-maps,subwaybuilder-es-maps,Maximilian284,max02,https://github.com/Maximilian284,4,2708,2708,snapshot_2026_07_06.json
12,bobby-047/some-new-trains,Some-new-Trains,Bobby-047,Bobby-047,https://github.com/Bobby-047,1,2484,2484,snapshot_2026_07_06.json
13,ryandicicco/subway-builder-maps,Subway-Builder-Maps,ryandicicco,ryandicicco,https://github.com/ryandicicco,7,2461,2461,snapshot_2026_07_06.json
14,kronifer/sb-chinese-maps,sb-chinese-maps,Kronifer,Kronifer,https://github.com/Kronifer,5,2272,2272,snapshot_2026_07_06.json
15,barkuperman/transit-overlay-subway-builder-mod,transit-overlay-subway-builder-mod,BarKuperman,BarKuperman,https://github.com/BarKuperman,1,2209,2209,snapshot_2026_07_06.json
16,jelegend/subwaybuilder,subwaybuilder,jelegend,jelegend,https://github.com/jelegend,1,2190,2190,snapshot_2026_07_06.json
17,danield1909/dantrains,danTrains,DanielD1909,DanielD1909,https://github.com/DanielD1909,1,2042,2042,snapshot_2026_07_06.json
18,gio1112/subway-builder-citymapper,subway-builder-citymapper,Gio1112,giorgiodabest,https://giorgio.is-a.dev/,1,2034,2034,snapshot_2026_07_06.json
19,valdotorium/valdotoriums_trains,Valdotoriums_Trains,Valdotorium,Valdotorium,https://github.com/Valdotorium,1,1850,1850,snapshot_2026_07_06.json
20,hsullivan1201/sb-tod,sb-tod,hsullivan1201,hsullivan1201,https://github.com/hsullivan1201,1,1831,1831,snapshot_2026_07_06.json
21,crumpetime/sb-maps-hkg,sb-maps-hkg,crumpetime,muffintime,https://github.com/crumpetime,1,1807,1807,snapshot_2026_07_06.json
22,ahkimn/subwaybuilder-tw-maps,subwaybuilder-tw-maps,ahkimn,Yukina-,https://subwaybuildermodded.com/credits,6,1683,1683,snapshot_2026_07_06.json
23,nzh0172/sb-anymoney,sb-anymoney,nzh0172,naz,https://github.com/nzh0172,1,1610,1610,snapshot_2026_07_06.json
24,valdotorium/network-status,network-status,Valdotorium,Valdotorium,https://github.com/Valdotorium,1,1469,1469,snapshot_2026_07_06.json
25,martig7/improved-schematics,Improved-Schematics,martig7,martig7,https://github.com/martig7,1,1453,1453,snapshot_2026_07_06.json
26,nzh0172/sb-station-dots,sb-station-dots,nzh0172,naz,https://github.com/nzh0172,1,1312,1312,snapshot_2026_07_06.json
27,kronifer/sb-zurich-map,sb-zurich-map,Kronifer,Kronifer,https://github.com/Kronifer,1,1209,1209,snapshot_2026_07_06.json
28,mpfk/subway-builder-mode-manager,subway-builder-mode-manager,Mpfk,Mpfk,https://github.com/Mpfk,1,1178,1178,snapshot_2026_07_06.json
29,seanyushoumori/track-visualizer,track-visualizer,seanyushoumori,seanyushoumori,https://github.com/seanyushoumori,1,1148,1148,snapshot_2026_07_06.json
30,willbarouch/subwaybuilder-sydney,subwaybuilder-sydney,WillBarouch,WillBarouch,https://github.com/WillBarouch,1,1054,1054,snapshot_2026_07_06.json
31,valdotorium/speed-mod,speed-mod,Valdotorium,Valdotorium,https://github.com/Valdotorium,1,1020,1020,snapshot_2026_07_06.json
32,kronifer/sb-glasgow-edinburgh-map,sb-glasgow-edinburgh-map,Kronifer,Kronifer,https://github.com/Kronifer,1,963,963,snapshot_2026_07_06.json
33,pswbsf/charleston-huntington-wv,charleston-huntington-wv,PSWBSF,Potato Spaghetti Water Balloon Space Federation,https://youtu.be/dQw4w9WgXcQ?t=0,1,743,743,snapshot_2026_07_06.json
34,barkuperman/orbital-surveyor,orbital-surveyor,BarKuperman,BarKuperman,https://github.com/BarKuperman,1,552,552,snapshot_2026_07_06.json
35,kronifer/sb-dublin-map,sb-dublin-map,Kronifer,Kronifer,https://github.com/Kronifer,1,545,545,snapshot_2026_07_06.json
36,transitcore/satellite-overview,Satellite-Overview,TransitCore,TransitCore,https://github.com/TransitCore,1,538,538,snapshot_2026_07_06.json
37,transitcore/cinematic-camera,cinematic-camera,TransitCore,TransitCore,https://github.com/TransitCore,1,504,504,snapshot_2026_07_06.json
38,barkuperman/tlv-mod,TLV-mod,BarKuperman,BarKuperman,https://github.com/BarKuperman,1,492,492,snapshot_2026_07_06.json
39,seanyushoumori/scrollable-dropdowns,scrollable-dropdowns,seanyushoumori,seanyushoumori,https://github.com/seanyushoumori,1,484,484,snapshot_2026_07_06.json
40,kaicardenas0618/subway-builder-peru,subway-builder-peru,kaicardenas0618,kaicardenas0618,https://github.com/kaicardenas0618,9,465,465,snapshot_2026_07_06.json
41,seanyushoumori/track-anarchy,track-anarchy,seanyushoumori,seanyushoumori,https://github.com/seanyushoumori,1,459,459,snapshot_2026_07_06.json
42,kaicardenas0618/lrt-trains,lrt-trains,kaicardenas0618,kaicardenas0618,https://github.com/kaicardenas0618,1,457,457,snapshot_2026_07_06.json
43,crumpetime/sb-maps-las,sb-maps-las,crumpetime,muffintime,https://github.com/crumpetime,1,444,444,snapshot_2026_07_06.json
44,lechicken-nyc/greater-new-york,greater-new-york,chasemanning040911-afk,lechicken,https://github.com/chasemanning040911-afk,1,355,355,snapshot_2026_07_06.json
45,nzh0172/sb-bangkok,sb-bangkok,nzh0172,naz,https://github.com/nzh0172,1,333,333,snapshot_2026_07_06.json
46,kaicardenas0618/chinese-trains,chinese-trains,kaicardenas0618,kaicardenas0618,https://github.com/kaicardenas0618,1,330,330,snapshot_2026_07_06.json
47,kaicardenas0618/japanese-trains,japanese-trains,kaicardenas0618,kaicardenas0618,https://github.com/kaicardenas0618,1,315,315,snapshot_2026_07_06.json
48,kimth9/sb_korean_transit_pack_v2,sb_korean_transit_pack_v2,kimth9,kimth9,https://github.com/kimth9,1,314,314,snapshot_2026_07_06.json
49,nzh0172/sb-malaysia-map-pack,sb-malaysia-map-pack,nzh0172,naz,https://github.com/nzh0172,1,313,313,snapshot_2026_07_06.json
50,soccerjonj/daytonnati,Daytonnati,soccerjonj,soccerjonj,https://github.com/soccerjonj,1,309,309,snapshot_2026_07_06.json
51,crumpetime/sb-maps-msn,sb-maps-msn,crumpetime,muffintime,https://github.com/crumpetime,1,305,305,snapshot_2026_07_06.json
52,martig7/induced-demand,Induced-Demand,martig7,martig7,https://github.com/martig7,1,302,302,snapshot_2026_07_06.json
53,nerdiesanders/subway-builder-gchi,subway-builder-gchi,NerdieSanders,NerdieSanders,https://github.com/NerdieSanders,1,263,263,snapshot_2026_07_06.json
54,kaicardenas0618/subway-builder-sfl,subway-builder-sfl,kaicardenas0618,kaicardenas0618,https://github.com/kaicardenas0618,1,262,262,snapshot_2026_07_06.json
55,metatablestudios/subwaybuilder-romania,subwaybuilder-romania,metatablestudios,metatablestudios,https://github.com/metatablestudios,1,256,256,snapshot_2026_07_06.json
56,bquelhas/subwaybuilder-map-opo,subwaybuilder-map-opo,bquelhas,bquelhas,https://github.com/bquelhas,1,248,248,snapshot_2026_07_06.json
57,danield1909/improvedtwincities,improvedTwinCities,DanielD1909,DanielD1909,https://github.com/DanielD1909,1,244,244,snapshot_2026_07_06.json
58,barkuperman/jerusalem-sb-map,jerusalem-sb-map,BarKuperman,BarKuperman,https://github.com/BarKuperman,1,227,227,snapshot_2026_07_06.json
59,soccerjonj/providence,Providence,soccerjonj,soccerjonj,https://github.com/soccerjonj,1,193,193,snapshot_2026_07_06.json
60,soccerjonj/sacramento,Sacramento,soccerjonj,soccerjonj,https://github.com/soccerjonj,1,187,187,snapshot_2026_07_06.json
61,soccerjonj/albany,Albany,soccerjonj,soccerjonj,https://github.com/soccerjonj,1,183,183,snapshot_2026_07_06.json
62,pswbsf/anchorage-ak,anchorage-ak,PSWBSF,Potato Spaghetti Water Balloon Space Federation,https://youtu.be/dQw4w9WgXcQ?t=0,1,179,179,snapshot_2026_07_06.json
63,soccerjonj/nashville,Nashville,soccerjonj,soccerjonj,https://github.com/soccerjonj,1,172,172,snapshot_2026_07_06.json
64,kronifer/sb-waterloo-map,sb-waterloo-map,Kronifer,Kronifer,https://github.com/Kronifer,1,160,160,snapshot_2026_07_06.json
65,tathandev/tathancasino,TathanCasino,TathanDev,TathanDev,https://github.com/TathanDev,1,156,156,snapshot_2026_07_06.json
66,pswbsf/pyongyang-nk,pyongyang-nk,PSWBSF,Potato Spaghetti Water Balloon Space Federation,https://youtu.be/dQw4w9WgXcQ?t=0,1,143,143,snapshot_2026_07_06.json
67,crumpetime/sb-maps-orf,sb-maps-orf,crumpetime,muffintime,https://github.com/crumpetime,1,142,142,snapshot_2026_07_06.json
68,pswbsf/buffalo-ny,buffalo-ny,PSWBSF,Potato Spaghetti Water Balloon Space Federation,https://youtu.be/dQw4w9WgXcQ?t=0,1,140,140,snapshot_2026_07_06.json
69,soccerjonj/colorado-ski-country,Colorado-Ski-Country,soccerjonj,soccerjonj,https://github.com/soccerjonj,1,140,140,snapshot_2026_07_06.json
70,soccerjonj/louisville,Louisville,soccerjonj,soccerjonj,https://github.com/soccerjonj,1,135,135,snapshot_2026_07_06.json
71,pswbsf/connecticut-usa,connecticut-usa,PSWBSF,Potato Spaghetti Water Balloon Space Federation,https://youtu.be/dQw4w9WgXcQ?t=0,1,133,133,snapshot_2026_07_06.json
72,nzh0172/sb-malaysia-map-pack-2,sb-malaysia-map-pack-2,nzh0172,naz,https://github.com/nzh0172,3,117,117,snapshot_2026_07_06.json
73,crumpetime/sb-maps-msy,sb-maps-msy,crumpetime,muffintime,https://github.com/crumpetime,1,111,111,snapshot_2026_07_06.json
74,crumpetime/sb-maps-xna,sb-maps-xna,crumpetime,muffintime,https://github.com/crumpetime,1,110,110,snapshot_2026_07_06.json
75,phineapoo/willamette-valley-or,Willamette-Valley-OR,Phineapoo,Phineapoo,https://github.com/Phineapoo,1,107,107,snapshot_2026_07_06.json
76,pswbsf/piedmont-triad,piedmont-triad,PSWBSF,Potato Spaghetti Water Balloon Space Federation,https://youtu.be/dQw4w9WgXcQ?t=0,1,101,101,snapshot_2026_07_06.json
77,pswbsf/charleston-sc,charleston-sc,PSWBSF,Potato Spaghetti Water Balloon Space Federation,https://youtu.be/dQw4w9WgXcQ?t=0,1,99,99,snapshot_2026_07_06.json
78,crumpetime/sb-maps-rdu,sb-maps-rdu,crumpetime,muffintime,https://github.com/crumpetime,1,92,92,snapshot_2026_07_06.json
79,pswbsf/wilmington-nc,wilmington-nc,PSWBSF,Potato Spaghetti Water Balloon Space Federation,https://youtu.be/dQw4w9WgXcQ?t=0,1,90,90,snapshot_2026_07_06.json
80,pswbsf/dayton-oh,dayton-oh,PSWBSF,Potato Spaghetti Water Balloon Space Federation,https://youtu.be/dQw4w9WgXcQ?t=0,1,71,71,snapshot_2026_07_06.json
81,seanyushoumori/copy-paste,copy-paste,seanyushoumori,seanyushoumori,https://github.com/seanyushoumori,1,63,63,snapshot_2026_07_06.json
82,pswbsf/syracuse-ny,syracuse-ny,PSWBSF,Potato Spaghetti Water Balloon Space Federation,https://youtu.be/dQw4w9WgXcQ?t=0,1,54,54,snapshot_2026_07_06.json
83,bean1322/toledo-oh-map.git,toledo-oh-map.git,bean1322,bean1322,https://github.com/bean1322,1,44,44,snapshot_2026_07_06.json
84,bean1322/akron-oh-map,akron-oh-map,bean1322,bean1322,https://github.com/bean1322,1,42,42,snapshot_2026_07_06.json
